Album_Name,Artist,Album_ID,Album_Name_Spotify,Artists_Spotify
Sesame Street: Halloween Collection,Sesame Street,3Bj9gANIphLWtsNj3mw1bI,Sesame Street: Halloween Collection,['Sesame Street']
Wake up Jeff,The Wiggles,6cf4favYRuUgEGrveVhwSU,It's Time to Wake up Jeff!,['The Wiggles']
Toot Toot!,The Wiggles,70kB7EJXi753JvYI7pDUT8,Toot Toot!,['The Wiggles']
The Best of Elmo,Sesame Street,6uiuWVIUe0WL3SE0AsxVkb,Sesame Street: The Best of Elmo,['Sesame Street']
Fiesta Songs!,Sesame Street,2UtAsfNPW51sH75UhlcFtS,Sesame Street: Fiesta Songs!,['Sesame Street']
Oscar's Trashy Songs,Sesame Street,6dvssjFanqu7Kbzg4V31Ng,Sesame Street: Oscar's Trashy Songs,['Sesame Street']
Elmo Says BOO!,Sesame Street,3P3bLynu9q3nPrBjswR6Dj,Sesame Street: Elmo Says Boo!,['Sesame Street']
Sesame Road,Sesame Street,7JQELJJIIFEjJamSQpQrRE,"Sesame Street: Sesame Road, Vol. 1",['Sesame Street']
Songs From a Parent to a Child,Art Garfunkel,1zKQkfiO2Iz93cqceM16YL,Songs From A Parent To A Child,['Art Garfunkel']
C Is for Cookie,Sesame Street,6tMwleDEGusT9kUKcqN1W2,C Is for Cookie!,['Sesame Street']
Elmo's Favorite Sing-Alongs,Sesame Street,5fBRPXpDg8UGGD1z8kCEuL,Sesame Street: Elmo's Favorite Sing-Alongs,['Sesame Street']
Elmo's Lowdown Hoedown,Sesame Street,62AdeboMeRtMIz0gFyaRzd,Sesame Street: Elmo's Lowdown Hoedown,['Sesame Street']
For the Kids,Various Artists,1uL6tfZd67JCpGjs0dBs3I,For The Kids,['Various Artists']
Go to Sleep Jeff!,The Wiggles,0d0t9qVVBlvSRsPlnjRlGx,Go to Sleep Jeff! Sleepy-Time Songs for Children,['The Wiggles']
Catch the Moon,"Elizabeth Mitchell, Lisa Loeb",1o79r8Ky7KJ0fRnyx6MOR9,Catch the Moon,"['Elizabeth Mitchell', 'Lisa Loeb']"
Swingin' in the Rain,Maria Muldaur,7eyaL3Tb1TaCK8lApZWdGR,Swingin' In The Rain,['Maria Muldaur']
Dreamland,Various Artists,593feV4xV5j0LCe8bxFqIE,Dreamland,['Various Artists']
Under a Shady Tree,Laurie Berkner,6f7pFWEwVTTivCKpD9F54q,Under A Shady Tree,['The Laurie Berkner Band']
Philadelphia Chickens,Various Artists,5NnOqXNo3BJi15nMI3lx5D,Sandra Boynton's Philadelphia Chickens,['Various Artists']
Cold Spaghetti Western,The Wiggles,2TDGZas2tOHjYhDtl83CAJ,Cold Spaghetti Western,['The Wiggles']
Buzz Buzz,Laurie Berkner,2qaGwjEcIgtQ2XgA3jOsaN,Buzz Buzz,['The Laurie Berkner Band']
Victor Vito,Laurie Berkner,2zvFlAi9Xy2IGXlaMYLgfl,Victor Vito,['The Laurie Berkner Band']
The Sunny Side of the Street,John Lithgow,5eswBMRr5hA0Jkz3AoSJ52,Sunny Side Of The Street,['John Lithgow']
Way Out,Justin Roberts,59u08DXfqDqmHgkbV5LC2U,Way Out,['Justin Roberts']
The Peanut Man,Maria Del Rey,7yVugokASoySzbBmEHfw9A,The Peanut Man,['Maria Del Rey']
Here Come the ABCs,They Might Be Giants,5y6rYN6wy4M9kzuTt4brkL,They Might Be Giants: Here Come the ABCs,['They Might Be Giants (For Kids)']
Born to Play,The Backyardigans,4xgBS8BAAfc7s4to0Ox1hZ,The Backyardigans - Born To Play,['The Backyardigans']
Can a Jumbo Jet Sing the Alphabet?,Hap Palmer,5HNNn1QUjSqI3UaBs2uc5f,Can a Jumbo Jet Sing the Alphabet? - Songs For Learning Through Music and Movement,['Hap Palmer']
The Muppets: A Green and Red Christmas,The Muppets,2SRnKY8vy3G72k8D55tWoA,The Muppets: A Green and Red Christmas,['The Muppets']
My Best Day,Trout Fishing in America,6GA1zV8IZWx9Yh0FL6Otco,My Best Day,['Trout Fishing in America']
Groove to the Music,The Backyardigans,7HFKCXOl2gK1yKzkyoyjND,The Backyardigans Groove To The Music,['The Backyardigans']
Return to Pooh Corner,Kenny Loggins,0EGtVddwzSykYTiIFKrOVf,Return To Pooh Corner,['Kenny Loggins']
Fun Food Songs,Tom Paxton,0EaZ9mSy1rJJSmSz92JEoF,Fun Food Songs,['Tom Paxton']
Reggae for Kids,Various Artists,76ttmB1eG7cD2riXBBYBCW,Reggae for Kids,['Various Artists']
Rhythm in My Shoes,Jessica Harper,7vpJmFBLL45u0Hcx6PQAlc,Rhythm In My Shoes,['Jessica Harper']
Bananaphone,Raffi,1y772v6xDzzRWlaYWcNWHq,Bananaphone,['Raffi']
Choo Choo Boogaloo,Buckwheat Zydeco,1eFntWjAbwtTCcuxIZd45X,Choo Choo Boogaloo: Zydeco Music For Families,['Buckwheat Zydeco']
Baby Beluga,Raffi,0sOARc9azSO1btKcDtM7o1,Baby Beluga,['Raffi']
African Lullaby,Various Artists,11xQkBWU2NXP17OyIIAf4L,African Lullaby,['Various Artists']
Night Songs & Lullabies,Kim Scanlon,2PoG2C5trELKP2k6ZnQuPJ,Night Songs & Lullabies,['Kim Scanlon']
Shake Sugaree: Taj Mahal Sings And Plays For Children,Taj Mahal,5BxmehGyS2eqZSJNwdrZu9,Shake Sugaree: Taj Mahal Sings And Plays For Children,['Taj Mahal']
No!,They Might Be Giants,1dMyiiItc7Skxl70zGuVDo,No!,['They Might Be Giants (For Kids)']
Yummy Yummy,The Wiggles,6APUHxy54plCcHLqrtI5sO,Yummy Yummy,['The Wiggles']
Dance Fiesta!,Various Artists,3EKT8tgOChIxUm68BJ3DqM,Dora The Explorer Dance Fiesta!,['Various Artists']
Dream,Mae Robertson,4ABuaEGY1fVdAMXKD6A3H9,Dream,['Mae Robertson']
Kid at Heart,Victor Johnson,1W2TJLg6nfKYdbpZZd994g,Kid At Heart,['Victor Johnson']
Here Comes the Big Red Car,The Wiggles,576st95zAvurKHUNm6GWNA,Here Comes the Big Red Car,['The Wiggles']
Quiet Time,Raffi,0NBKpevGkKf0sc0FBJnH9F,Quiet Time,['Raffi']
My Green Kite,Peter Himmelman,4vi6KIzjajzrAmB0DfX59j,My Green Kite,['Peter Himmelman']
The Album,Teletubbies,2yAenSufXiCMa1kLOvU7O1,Teletubbies: The Album,['Teletubbies']
Pop Go the Wiggles,The Wiggles,5qepHjJ9DcM2KIJNmpdgXX,Pop Go the Wiggles! Nursery Rhymes and Songs,['The Wiggles']
Juice Box Heroes,Imagination Movers,2AQwQmEdTsVDEzuOeQ4Pna,Juice Box Heroes,['Imagination Movers']
Educated Kid,The Hipwaders,3EcHDy1zHM92y8IYKmMMlN,Educated Kid,['The Hipwaders']
Dream Big!,Roger Day,2QfJo8Hhq6aXzkfAGqI0ZF,Dream Big!,['Roger Day']
Sleepytime Lullabies,Various Artists,24Vbh4ReO7cRQP6pQcOnsT,Sleepytime Lullabies,['Various Artists']
Story Songs and Sing Alongs,Debbie and Friends,0JigNyORSnnbEZV62b6Mgc,Story Songs and Sing Alongs,['Debbie and Friends']
Celtic Dreamland,Various Artists,5Ym2VpSupNCIl0jnNK5bCm,Putumayo Kids Presents Celtic Dreamland,['Various Artists']
No Ordinary Day,Suzi Shelton,1OsYhMpEDhghxAcHxrQwez,No Ordinary Day,['Suzi Shelton']
Play!,Milkshake,3DcLQCEroWVGcFx2S295n0,PLAY!,['Milkshake']
Baby Einstein: Traveling Melodies,Baby Einstein,0n7J18934K8UMczk4Rla3j,Baby Einstein: Traveling Melodies,['The Baby Einstein Music Box Orchestra']
Mustard Pancakes,Courtney Campbell,6AIGVNBX1ALfLivRO5gQ0O,Mustard Pancakes,['Courtney Campbell']
Party Jams!,Hip Hop Harry,7JYVCplbDCKKyclKReaCr3,Party Jams,['Hip Hop Harry']
Shakin' in Chicago,Thaddeus Rex,1909HAHlTC5jjagwsG6PDY,Shakin' in Chicago,['Thaddeus Rex']
Family Tree,Frances England,191SEpVLWA88ApjrNJjkcl,Family Tree,['Frances England']
Getting Strong!,The Wiggles,6MvnwIHYy04ffq5Ap8PYhp,Getting Strong!,['The Wiggles']
Very Derryberry,Debi Derryberry,4tV5gzVwJrTSZWSCBhJgx4,Very Derryberry,['Debi Derryberry']
Special Kind of Day,Rebecca Frezza,50P0yHZsEryCZ8Uy98b5ET,Special Kind Of Day,['Rebecca Frezza & Big Truck']
Hot! Hot! Hot! Dance Songs,Sesame Street,4itsxQAjTBd5VR9rUFV1qU,Sesame Street: Hot! Hot! Hot! Dance Songs,['Sesame Street']
Rockin' the Yeehaw,The Bummkinn Band,3xo5xPOlfErjS5k0xcXcf1,Rockin' the Yeehaw,['The Bummkinn Band']
Johnny and the Sprites,Johnny and the Sprites,6OfriY8qtj3dfPl9kLW4rL,Johnny and the Sprites,['Johnny and the Sprites']
You Make Me Feel Like Dancing,The Wiggles,0XWALxl8OYZ3g9vQzn1HAc,You Make Me Feel Like Dancing,['The Wiggles']
Rocketship Run,Laurie Berkner,1NjU58M2PnHO49md3QinoM,Rocketship Run,['The Laurie Berkner Band']
Nueva York,Dan Zanes,5rqQDz2hJdkMe8WaP5gf2C,¡Nueva York!,"['Dan Zanes', 'Friends']"
Two Flowers,Danielle Sansone,145CoEj06Ccr5DoUK26nEo,Two Flowers,['Danielle Sansone']
Moo Juice,Funky Mama,3oF43MX8HR18U7BsGY97oY,Moo Juice,['Funky Mama']
Be Nice,Leeny & Steve,2lC6mEoRj3ui9Ad1hNrIK5,Be Nice,['Leeny & Steve']
Waking Up Is Hard to Do,Neil Sedaka,5IT1lxbRWReEYzQcQy56IG,Waking Up Is Hard To Do,['Neil Sedaka']
Lullaby,Jewel,6aDRCnCbuqY7NkerfUcyp7,Lullaby,['Jewel']
High Roller,Hullabaloo,2pyw9ylIuzSAwawRjZJgu5,High Roller,['Hullabaloo']
Dora's Christmas,Dora the Explorer,06d3icNwTGKGMOP7SDsXaF,Dora's Christmas,['Dora The Explorer']
Love & Peace: Greatest Hits for Kids,Various Artists,6ZNDNiwmM2IzWYwjgXMGri,Love & Peace: Greatest Hits for Kids,['Various Artists']
Best of Hullabaloo,Hullabaloo,6ApJasfGCF0wfY7Ka6fHnu,"Best of Hullabaloo, Vol. 2",['Hullabaloo']
The Final Funktier,Recess Monkey,1ksfCCHxIrQb3DB0cT7goV,The Final Funktier,['Recess Monkey']
The Best of the Laurie Berkner Band,Laurie Berkner,4XbuNhXriszF4L1V4mYBfV,The Best Of The Laurie Berkner Band,['The Laurie Berkner Band']
Barnyard Dance: Jug Band Music for Kids,Maria Muldaur,75bdhN2shRsIdWrPPEUJPW,Barnyard Dance: Jug Band Music For Kids,['Maria Muldaur']
Family Time,Ziggy Marley,2vFNvV2DvTfKVG49asgPlT,Family Time,['Ziggy Marley']
No Sugar Added,Juice Box Heroes,0cqtwAOjYoIxjbDUcyV790,No Sugar Added,['Juice Box Heroes']
Ranky Tanky,Rani Arbo & Daisy Mayhem,7egDgH8lY3qNL6hiDqT7uK,Ranky Tanky,['Rani Arbo & Daisy Mayhem']
More Story Songs & Sing Alongs,Debbie and Friends,4CLWaWZgl69BI8eQUafPxF,More Story Songs & Sing Alongs,['Debbie and Friends']
Hot Poppin' Popcorn,The Wiggles,0KPqFI6fcX150UqC1GNsN6,Hot Poppin' Popcorn,['The Wiggles']
Funky Fresh and Sugar Free,Sugar Free Allstars,3IIhNNKla51jw3rBElE1pC,Funky Fresh and Sugar Free,['Sugar Free Allstars']
Everyone Loves to Dance,Aaron Nigel Smith,7onGifUuo7PDzq1CxTOQ2w,Everyone Loves to Dance,['Aaron Nigel Smith']
Imagination Movers: In a Big Warehouse,Imagination Movers,2MmbI5cNJ2twmLFWBTUcNq,Imagination Movers: In a Big Warehouse,['Imagination Movers']
Sunny Day,Elizabeth Mitchell,7j2vXAwozfXF6ZQ9L19YdK,Sunny Day,['Elizabeth Mitchell']
Bayou Boogie,Buckwheat Zydeco,2z0s6gKMxH3Toh4Zp1waTQ,Bayou Boogie,['Buckwheat Zydeco']
Let's Eat,The Wiggles,4g7Q9tZW8LxneGkMTSQAWO,Let's Eat!,['The Wiggles']
Kids World Party,Various Artists,5KHNTO3YwS5MehtEH0eLAt,Putumayo Kids Presents Kids World Party,['Various Artists']
Radio Wayne,Wayne Brady,1e2oo6e9SGHBYV9l93dLEG,Radio Wayne,['Wayne Brady']
Flying!,Recess Monkey,4cbnmn5Eens5uNUMhzqC4w,Flying!,['Recess Monkey']
Bugs,Mister G,3M3WXhFeOIgoHcen7wR62V,Bugs,['Mister G']
The Merry Goes Round,Jewel,2iGUa49fMqANZXcyDlG7cQ,The Merry Goes Round,['Jewel']
Little Nut Tree,Dan Zanes,0W2eDCYklT4jJShYaoL0AT,Little Nut Tree,"['Dan Zanes', 'Friends']"
Tumble Bee,Laura Veirs,3VgWRCn0IIHO9h3CADQw1W,Tumble Bee,['Laura Veirs']
Nature Jams,Farmer Jason,1IPB5CZ0SEjBiMglnJLYye,Nature Jams,['Farmer Jason and Buddies']
Radio Jungle,The Pop Ups,2AB8yOMrkGnkzCdvVUuKte,Radio Jungle,['The Pop Ups']
A Potluck,Lucky Diaz and The Family Jam Band,4uBGyDlwFP7tlfLma1DDJk,A Potluck,['Lucky Diaz and the Family Jam Band']
World of Wonder,Alison Faith Levy,0tzlZ3c8IwZojuN4JdSM4q,World of Wonder,['Alison Faith Levy']
Make Believers,Secret Agent 23 Skidoo,77DR83oG31upVAHkwr9tvA,Make Believers,['Secret Agent 23 Skidoo']
In Tents,Recess Monkey,2FF2goxKQPYiV9HC58pq0D,In Tents,['Recess Monkey']
All on a Sunday Afternoon,Sugar Free Allstars,4dDOEyCBldYZCHpWbQJhwa,All On a Sunday Afternoon,['Sugar Free Allstars']
Backseat Driver,The Cat's Pajamas,4AZI6LgyrTkDmPT7oXil7v,Backseat Driver,"[""The Cat's Pajamas""]"
Raise a Ruckus,Hullabaloo,2oZvqvfJl6k7orXljnx2Sh,Raise a Ruckus,['Hullabaloo']
Little Seed,Elizabeth Mitchell,5Hgafmx1GZI6n2csPn8hzS,Little Seed: Songs for Children by Woody Guthrie,['Elizabeth Mitchell']
Hot Dog!,Caspar Babypants,0ye96kydrJrnx9mAENEGG2,HOT DOG!,['Caspar Babypants']
Big Birthday,The Wiggles,1LtyxwmjhVH6K3wc5a4LYb,Big Birthday!,['The Wiggles']
Chocolalala,Mister G,2evbgxULLiWp1nj2iT2cUv,Chocolalala,['Mister G']
A Laurie Berkner Christmas,Laurie Berkner,69DRzzTTdQ4oPRv1a5sFcB,A Laurie Berkner Christmas,['The Laurie Berkner Band']
Blue Clouds,Elizabeth Mitchell,7eDeaYK9ywRt1sp83aMVE6,Blue Clouds,['Elizabeth Mitchell']
Jingle Bell Fun,Various Artists,6Bd6pZU3QoytmcZxmMZbt8,Disney Jingle Bell Fun,['Various Artists']
Lullaby,Justin Roberts,7x60MGmHxDPIbWfDn1fw2x,Lullaby,['Justin Roberts']
Minnie's Favorites,Various Artists,67ivsWL0DsH3Jh0cCGKx3m,"Minnie's Favorites (Songs from ""Mickey Mouse Clubhouse"")",['Various Artists']
Turn Turn Turn,"Dan Zanes, Elizabeth Mitchell",5kKzG3Q6oo1jOkvHcNwd6n,Turn Turn Turn,"['Dan Zanes', 'Elizabeth Mitchell']"
American Playground,Various Artists,54Z7LX1uyjmHuVPuOS9NBp,Putumayo Kids Presents American Playground,['Various Artists']
House Party,Dan Zanes,0b2CR3vA6z1lSd8PFQ6n8O,House Party,"['Dan Zanes', 'Friends']"
Parades and Panoramas,Dan Zanes,5ZagB9RVFTD7gXfpf1w7Yc,Parades And Panoramas: 25 Songs Collected By Carl Sandburg For The American Songbag,['Dan Zanes']
Animal Crackers,Wee Hairy Beasties,22nlUxEhrzO3RHZ0wGyP7A,Animal Crackers,['Wee Hairy Beasties']
Night Time,Dan Zanes,0wNRIHwz1OeeVADYinnUPR,Night Time!,"['Dan Zanes', 'Friends']"
Music for a Green Planet,Hayes Greenfield,3nKiBTQREnGFiIWDoaUj90,Music for a Green Planet,['Hayes Greenfield']
Mouse Jamboree,Mary Kaye,268yYR6D9L2pngtxkajD2b,Mouse Jamboree,['Mary Kaye']
Catch That Train,Dan Zanes,5D9FS8tiw4xAe8hlPz4zdK,Catch That Train,"['Dan Zanes', 'Friends']"
Wonder Pets!,Wonder Pets,7956RvTfKwsOZe6yljDVMa,Wonder Pets,['Wonder Pets']
Crazy Hair Day,Barney Saltzberg,6ypkayBx4Moa9SSMoN2tvy,Crazy Hair Day,['Barney Saltzberg']
Snazzy,Go Fish,3Y7gEtPe5eKHhQTShOBAt6,Snazzy,['Go Fish']
Fast & Feisty,Princess Katie & Racer Steve,70PqmqWcefRvypUWlh6HVa,Fast & Feisty,['Princess Katie & Racer Steve']
Ladybug One,The Harmonica Pocket,0yd2j2RM7lnCKqyVAEb5r2,Ladybug One,['The Harmonica Pocket']
The Wheels on the Bus,Roger Daltrey,3KkIn5B09GPjp1o6kGu6yr,The Wheels On The Bus,['Roger Daltrey']
Tabby Road,Recess Monkey,5P9B5TgfqqTtfTW6fLuXGS,Tabby Road,['Recess Monkey']
Ask the Planet,Missoula Coyote Choir & Friends,33Pfw8sHBQj3hsWcwu8yFL,Ask the Planet,['The Missoula Coyote Choir & Friends']
Emphatical Piratical,Captain Bogg & Salty,5b9sRTwQl0Yzj0LfwzihCn,Emphatical Piratical,['Captain Bogg & Salty']
Happy Accidents,Billy Jonas,2QRRRVvIdwfZlV5hzAC66n,Happy Accidents,['Billy Jonas']
Sesame Street: Silly Songs,Sesame Street,4XBkAaissNUdi2anREdDHL,Sesame Street: Silly Songs,['Sesame Street']
For Those About to Hop,Imagination Movers,0Ycbxh5rx0Da1yEAMxp9UQ,Imagination Movers: For Those About to Hop,['Imagination Movers']
Baby Banana,Debi Derryberry,5JoFQIHGJKEv1NDSKEltbS,Debi Derryberry's Baby Banana,['Debi Derryberry']
Somersault Season,Laura Freeman,4v4ID3N7I9DBRpnIfkIeqw,Somersault Season,['Laura Freeman']
Go Bananas!,The Wiggles,4z8pBmwm3gZ4akMRLbgq2j,Go Bananas!,['The Wiggles']
76 Trombones,Dan Zanes,18EaDXpCTV4isLLOGMtLSB,76 Trombones,"['Dan Zanes', 'Friends']"
The Fresh Beat Band: Music from the Hit TV Show,The Fresh Beat Band,3VJeRrr9eaFzmaTZfDcbCO,Music from the Hit TV Show,['The Fresh Beat Band']
Hippity Hop,Various Artists,4JliUSYhrZJcFbaaBbbj9J,Drew's Famous - Kids' Hippity Hop Easter Music,['Various Artists']
In My Hometown,Tom Chapin,18FV4VOAuzhHVvuHnFaJlI,In My Hometown,['Tom Chapin']
Some Assembly Required,Tom Chapin,4LuUvcCBbCpuu1xyxWoq73,Some Assembly Required,['Tom Chapin']
Color Wheel Cartwheel,Laura Freeman,0dJ08eGP3oCbKQxHymlEL1,Color Wheel Cartwheel,['Laura Freeman']
Sing-A-Longs and Lullabies for the Film Curious George,Jack Johnson and Friends,3Jl7i9Vo0Ht4co9SqTFjQy,Jack Johnson And Friends: Sing-A-Longs And Lullabies For The Film Curious George,['Jack Johnson']
Disney Channel Holiday,Various Artists,3u4JngBheQE1ZUyP6my3zE,Disney Channel Holiday Playlist,['Various Artists']
The Johnny Cash Children's Album,"Johnny Cash, June Carter Cash",7AsniiHVen13QlnqZm5DR2,The Johnny Cash Children's Album,['Johnny Cash']
New Orleans Christmas,Various Artists,03dqn5PdodMAv4ikJaiSg7,A New Orleans Christmas,['Various Artists']
Ratatouille: What's Cooking?,Various Artists,5Am09XQS0yFBFiNSKWdwf2,Ratatouille: What's Cooking?,['Various Artists']
Here Come the 123s,They Might Be Giants,0zw05iXjK9r60atJFvcVBh,Here Come the 123s,['They Might Be Giants (For Kids)']
Alphabet Rockers,Alphabet Rockers,1rlnpqydyDSjS4vffFUC9W,Alphabet Rockers,['Alphabet Rockers']
Have You Never Been Yellow?,Gustafer Yellowgold,1xMyN0JDSE5txoXYKJlUNT,Gustafer Yellowgold's Have You Never Been Yellow?,['Gustafer Yellowgold']
Family Tree,Tom Chapin,7nQHt9w4P1HYb4OukehBKt,Family Tree,['Tom Chapin']
Mother Earth,Tom Chapin,0KJRdbv55SVzv0QeXeMIpJ,Mother Earth,['Tom Chapin']
A Classic Christmas,Toby Keith,72wZVzg03F0dPBRHdOUyYC,A Classic Christmas,['Toby Keith']
Pop Fly,Justin Roberts,6gBUKKZ73fmFo14OPMsh8Q,Pop Fly,['Justin Roberts']
Camp Lisa,Lisa Loeb,4ifCn1MLPTtbVYbbEGWOeS,Camp Lisa,['Lisa Loeb']
Dixieland Jazz for Children,Johnette Downing,47PQoOu2PMiuBRltUe3UL4,Dixieland Jazz for Children,"['Johnette Downing', ""Jimmy LaRocca's Original Dixieland Jazz Band""]"
We All Live Downstream,Banana Slug String Band,5TKlI33zToqXQSHYZlp4Um,We All Live Downstream,['Banana Slug String Band']
Jerzy the Giant,The Terrible Twos,16OxERZ7gXfpzcC6z8yM3C,Jerzy the Giant,['The Terrible Twos']
Motown for Kids,Various Artists,4AfcGPL3Z1sYGR0P14hBzF,Motown For Kids,['Various Artists']
Big Round World,Trout Fishing in America,5A4I8dQUpFqIBHWlRhgI4E,Big Round World,['Trout Fishing in America']
Kid's Country Song & Dance,The Learning Station,5mtJ9jCqx5i60kgrD7nz7c,Kid's Country Song & Dance,['The Learning Station']
Pink!,Rocknoceros,5LdIdJQ3KuAnfeYuWnULAE,Pink!,['Rocknoceros']
A World of Happiness,Various Artists,5ZMYNeKfd1asmP26sZCV9x,A World of Happiness,['Various Artists']
Play,Suzanne Sherman Propp,2NxSGJ2jLThOGi9bXA57Df,Play,['Suzanne Sherman Propp']
Eat a Bowl of Cherries,Rhythm Child,5f2Xuf71SQ3d7PwphdOSDi,Eat a Bowl of Cherries,['Rhythm Child']
Go Waggaloo,Sarah Lee Guthrie,6U44qS6QCSbA1c3KO3Cp6H,Go Waggaloo,['Sarah Lee Guthrie & Family']
Why Does Gray Matter?,Roger Day,1HnqIOGd0QhUW0AlNdF205,Why Does Gray Matter?,['Roger Day']
Enter Sandbox,Starfish,6n4cPRemNntAx135QWbsng,Enter Sandbox,['StarFish']
Here Comes Science,They Might Be Giants,0DiKDeuH9pBNY9mfiNSpAd,Here Comes Science,['They Might Be Giants (For Kids)']
Do You Like Waffles?,Parry Gripp,7vCFkWwAzMSzuZygzmHpdt,Do You Like Waffles?,['Parry Gripp']
Great Day,Milkshake,0TK7asRBtYpZkH4bMZ6rSn,Great Day,['Milkshake']
My Trampoline,Peter Himmelman,5LeD1L4HvRCPUeJXZyaKUz,My Trampoline,['Peter Himmelman']
Los Lobos Goes Disney,Los Lobos,4oJDXzqSokGHeQJBCPQbS6,Los Lobos Goes Disney,['Los Lobos']
The Princess and the Frog: Tiana and Her Princess Friends,Various Artists,5mZgyfa7rkogNoxxqHpbOg,The Princess and the Frog: Tiana and Her Princess Friends,['Various Artists']
Earthworm Ensemble,Earthworm Ensemble,2OPtPtIq8HSbf8bUpR8LF4,Earthworm Ensemble,['Earthworm Ensemble']
Celebrate Earth,Various Artists,7qlGir5khi1A4oTCp40p7D,Wild Child – Celebrate Earth Children's Music Series from Recess Music,['Various Artists']
The Big Picture,Uncle Rock,58vmMA2sIwuJDxL1tmDgj3,The Big Picture,['Uncle Rock']
Tiny Cool,Princess Katie & Racer Steve,3UAIesQE3Yg1NUQL8SAJ3H,Tiny Cool,['Princess Katie & Racer Steve']
Leave It in the Soup,The Dream Jam Band,5XBFf1fkthp7R3EeAS35k9,Leave It In The Soup,['The Dream Jam Band']
Jungle Gym,Justin Roberts,4aravvRRz4VRl0SWwiGCJk,Jungle Gym,['Justin Roberts']
A Family Album,The Verve Pipe,5BwhpZ0bkp7dnQYXdyOPYm,A Family Album,['The Verve Pipe']
Tomorrow's Children,Pete Seeger,6a3iIYDL5hxJtvNERJW8Qv,Tomorrow's Children,['Pete Seeger']
Disney Princess: Fairy Tale Songs,Various Artists,3h5l9uclx5BSE8jGjqRxmC,Disney Princess: Fairy Tale Songs,['Various Artists']
Science Fair,Various Artists,3CdiI8bJnXG5wmneRwPRDo,Science Fair,['Various Artists']
Doc McStuffins: The Doc Is In,Various Artists,69MUbfppLbJ1dTxKwqmjgE,Doc McStuffins: The Doc Is In,['Various Artists']
The Incredible Flexible You,Tom Chapin,7Ln7JkiKkA8mcqe2DKeBN6,The Incredible Flexible You,['Tom Chapin']
Go!,Alphabet Rockers,6o2B1S43upwy3y1eBDvbSl,Go!,['Alphabet Rockers']
Road Trip,Girl Authority,4zUBWh3MlIlwn1w0KJBo4M,Road Trip,['Girl Authority']
Pegleg Tango,Captain Bogg & Salty,4cl3H8pHBEBAoEcdSXcMln,Pegleg Tango,['Captain Bogg & Salty']
Purple Burt,Mitch Friedman,0y0TQN2pYg4Nej3LTK0IP6,Purple Burt,['Mitch Friedman']
Giddyup!,Buck Howdy,4ZvbYxhNDoIIU2u2dSS8k9,Giddyup!,['Buck Howdy']
Steve Tyrell: The Disney Standards,Steve Tyrell,3GNuJdEh5zsJy8D1inKpIk,Steve Tyrell: The Disney Standards,['Steve Tyrell']
Meet the Robinsons,Various Artists,2GeOWKMUCQg9WozQfy58r4,Meet the Robinsons (Original Motion Picture Soundtrack),['Various Artists']
Dragonfly Races,Ellis Paul,2ethde0ZQFjHppOxNw3VAs,Ellis Paul-The Dragonfly Races,['Ellis Paul']
Disneymania,Various Artists,4QUVJSHDCCMW1hxXvpMxMf,Disneymania 5,['Various Artists']
Country Sings Disney,Various Artists,2Y6qHoBWHY024rUlNPyGnz,Country Sings Disney,['Various Artists']
Alphabutt,Kimya Dawson,6fkWokx1qc2VniFHrukdBS,Alphabutt,['Kimya Dawson']
Silly Short Songs for Silly Short People,Rock Daddy Rock,6sADg13sqJpdgWVL70za42,Silly Short Songs For Silly Short People,['Rock Daddy Rock']
Thank You for Joining the Happy Club,Billy Kelly,5NdsOdxQ9Te0zxLnz2uf8W,Thank You for Joining the Happy Club,['Billy Kelly']
The Time Machine,The Sippy Cups,4e8Z2v6HZBAP8ZKIBChZBO,The Time Machine,['The Sippy Cups']
What a Ride,Eric Herman,7xzvwMqycPwTS4UkZyFMq2,What a Ride!,['Eric Herman and the Invisible Band']
Mater's Car Tunes,Various Artists,6jOx34OlSHTdz67maEWqLX,Mater's Car Tunes,['Various Artists']
Summer Belongs to You,Various Artists,77jAlhvBI46I7MiMmfsEbF,Phineas and Ferb Summer Belongs to You,['Various Artists']
Muppets: The Green Album,Various Artists,77klgRm6FxdgXYArYvXGYj,Muppets: The Green Album,['Various Artists']
Can You Canoe?,The Okee Dokee Brothers,61vBZ7aI8HfnBTTrVMC68v,Can You Canoe? A Mississippi River Adventure Album,['The Okee Dokee Brothers']
Wrapped in Red,Kelly Clarkson,7Jahqd1kx9Qau0E9x9iZj6,Wrapped In Red,['Kelly Clarkson']
Frozen (Original Motion Picture Soundtrack),Various Artists,2lfqRceJLjF8rSeo5P7SWW,Frozen (Original Motion Picture Soundtrack),['Various Artists']
Kids in America,American Juniors,29ddJCmCs4NYlKitmnilVz,Kids In America,['American Juniors']
Rejoyce: The Christmas Album,Jessica Simpson,39Rp3BDD4WQ82yShbGrHzq,ReJoyce: The Christmas Album (Deluxe Version),['Jessica Simpson']
American Juniors,American Juniors,26YtdOBI0kyXq54ZysE6NU,American Juniors,['American Juniors']
Disney Girlz Rock,Various Artists,2SWW17MeM3S1h0FmCyFAG4,Disney Girlz Rock,['Various Artists']
4 Kidz by Kidz,Various Artists,5OPLzibZi2wpuQgMeT5uRl,4 Kidz By Kidz,['Various Artists']
Cheetah-licious Christmas,The Cheetah Girls,2dCaJ5ten3q3AbJ2VJZ8MY,The Cheetah Girls: A Cheetah-licious Christmas,['The Cheetah Girls']
TCG,The Cheetah Girls,0Lur2jUoYNUYEwCdzW6ACb,TCG,['The Cheetah Girls']
A T. Rex Named Sue,Various Artists,7yqXfXLas305J2Sdxii76w,A T. Rex Named Sue,['Various Artists']
Hello & Goodbye,Jump5,0Yam1QGFJmv3cd6pPw3z6Y,Hello & Goodbye,['Jump5']
Here We Go Again,pureNRG,3bEewRB46V3ar8dmbzPAYK,Here We Go Again,['PureNRG']
Free to Stay,Smoosh,3G25zNDh8dEKj2mKdywMV8,Free To Stay,['Smoosh']
Kidz Bop Halloween,Kidz Bop Kids,7mb79mhvW3ZTdeIQWos7xs,KIDZ BOP Halloween,['Kidz Bop Kids']
Merry Christmas II You,Mariah Carey,4q88opkbXkvvL0iIvbs0pv,Merry Christmas II You,['Mariah Carey']
T-Squad,T-Squad,4rg5KjkmvXLtW9Hd1ReNY7,T-Squad,['T-Squad']
Home at Last,Billy Ray Cyrus,1eJpsLmeCaf02MCGsdbM6W,Home At Last,['Billy Ray Cyrus']
Everlife,Everlife,365oyXVGHtwTPyTflNclMp,Everlife,['Everlife']
Princess Disneymania,Various Artists,61rR26BXw5dLnZ8iQfNGkh,Princess Disneymania,['Various Artists']
Abbey Road,The Beatles,0ETFjACtuP2ADo6LFhL6HN,Abbey Road (Remastered),['The Beatles']
My World,Justin Bieber,3BmcYMh0KYsimWL6p2gPa9,My World 2.0,['Justin Bieber']
My World 2.0,Justin Bieber,3BmcYMh0KYsimWL6p2gPa9,My World 2.0,['Justin Bieber']
My Worlds Acoustic,Justin Bieber,1frzMyOTpRjXVJv476f9LU,My Worlds Acoustic,['Justin Bieber']
Dream with Me,Jackie Evancho,0R7q0tiEkkFPRarZzrPDFi,Dream With Me,['Jackie Evancho']
Shake It Up: Break It Down,Various Artists,18c2h2tjmiJYSFVe144llF,Shake It Up: Break It Down,['Various Artists']
Under the Mistletoe,Justin Bieber,63MKT9hwmiMFFdFp5SdB1p,Under The Mistletoe (Deluxe Edition),['Justin Bieber']
Coast to Coast,Cody Simpson,5sOmBWn4NopTNu5Hwg8dt3,Coast To Coast (Expanded),['Cody Simpson']
Shake It Up: Live 2 Dance,Various Artists,6I9w536CB9JlCWaUp3Y1Oz,Shake It Up: Live 2 Dance,['Various Artists']
Genius Loves Company,Ray Charles,3CwGxaRLRyEw6OiSbVhdRE,Genius Loves Company,['Ray Charles']
The 5 Browns,The 5 Browns,5Lg5TC5SW0ywuM1A1idqBF,Christmas with the 5 Browns,['The 5 Browns']
V,Vanessa Hudgens,2OUapAEqOnhcOZExGIBPLh,V,['Vanessa Hudgens']
It's About Time,Jonas Brothers,3tnBL4yVKSTaUtjeypEwCe,It's About Time,['Jonas Brothers']
Bianca Ryan,Bianca Ryan,4mAToiuP7G4FiXfl9W3oGl,Bianca Ryan,['Bianca Ryan']
Headstrong,Ashley Tisdale,18Cdeub4WBPKku92zlsfWp,Headstrong,['Ashley Tisdale']
Jonas Brothers,Jonas Brothers,4myOCm6FzD9TMdK7Q0Nzx0,Jonas Brothers,['Jonas Brothers']
Another Side,Corbin Bleu,6Q2jKaWXFHu1bbnXHQpYiz,Another Side,['Corbin Bleu']
It's Only Time,Drake Bell,6OI8uy6Azo79fLZe1lweKc,It's Only Time,['Drake Bell']
Elliott Yamin,Elliott Yamin,4G390E1M4qCVxgAcbYaFwu,Elliott Yamin,['Elliott Yamin']
I Don't Want to Go to School,The Naked Brothers Band,7944vq6z7A1SE3MoflJqvY,I Don't Want To Go To School,['The Naked Brothers Band']
Pocketful of Sunshine,Natasha Bedingfield,6D1YpObdaha620Tm54WbIw,Pocketful Of Sunshine,['Natasha Bedingfield']
Jordin Sparks,Jordin Sparks,6JCNOvp9UeMrFuXwNW0JW6,Jordin Sparks,['Jordin Sparks']
Phil Stacey,Phil Stacey,2x5htzbgsgBzYepCG6UpQJ,Phil Stacey,['Phil Stacey']
The Naked Brothers Band,The Naked Brothers Band,0P0hiVXmXvn0HwkCKECqQS,The Naked Brothers Band,['The Naked Brothers Band']
Carnival Ride,Carrie Underwood,5HwzpaqYOZABPnmvl5JYFX,Carnival Ride,['Carrie Underwood']
Unbreakable,Backstreet Boys,3dJhkG64rXbA2PtBLBGFVd,Unbreakable,['Backstreet Boys']
Identified,Vanessa Hudgens,7wUps5X7zrLQdysd2DW4mT,Identified,['Vanessa Hudgens']
Breakout,Miley Cyrus,0Yu3czJNOQ68fZgkvpjuHL,Breakout,['Miley Cyrus']
Break the Silence,Jon Peter Lewis,6FnPJMZcflGgluLSFsnbgi,Break The Silence,['Jon Peter Lewis']
A Little Bit Longer,Jonas Brothers,4jcRw4qVurxoZcfIYPKDpz,A Little Bit Longer,['Jonas Brothers']
Music from the 3D Concert Experience,Jonas Brothers,2qLi0Q8fs8YLSDH5WbE8Vc,Music from the 3D Concert Experience,['Jonas Brothers']
"Lines, Vines and Trying Times",Jonas Brothers,32m8Yjd3jjG3Dbf7YKTfLn,"Lines, Vines and Trying Times",['Jonas Brothers']
Disney Channel Playlist,Various Artists,3f4bhDIvXL4xOnM4elWNmK,Disney Channel Playlist,['Various Artists']
Read Between the Lines,KSM,64kfqo35rDawl9Mr7BkmyW,Read Between the Lines,['KSM']
Kiss & Tell,Selena Gomez,5lm8loAsSpprr19lwSY16V,Kiss & Tell,['Selena Gomez & The Scene']
To the Sea,Jack Johnson,0IsTL8lnrHuNvpMPawAFRs,To The Sea,['Jack Johnson']
JONAS L.A.,Jonas Brothers,13xbg8hAddxUDNksjSKzsz,JONAS L.A. (Music from the TV Series),['Jonas Brothers']
BTR,Big Time Rush,2RjFzASjHZG1lUbCKqUahx,BTR,['Big Time Rush']
Elevate,Big Time Rush,2vlQEIT6XEYVKfaKQwADnk,Elevate,['Big Time Rush']
Up All Night,One Direction,6cunQQ7YZisYOoiFu2ywIq,Up All Night,['One Direction']
Rachel Crow,Rachel Crow,3WnBI3PHFuP3iFWy6CnOUH,Rachel Crow,['Rachel Crow']
Hello My Name Is...,Bridgit Mendler,114sumrk5wTeMWHVin86QC,Hello My Name Is...,['Bridgit Mendler']
A Thousand Different Ways,Clay Aiken,2uI70BFFAieeAw8g4AgAwl,A Thousand Different Ways,['Clay Aiken']
No Ordinary Girl,Jordan Pruitt,3ZN6vRXDZhoYf9Zdc5ubpE,No Ordinary Girl,['Jordan Pruitt']
Closer,Josh Groban,6Uj9VARQcRBOQZ2uBywlrH,Closer,['Josh Groban']
Constantine,Constantine Maroulis,14I9Yb7lEIaaCUxRfHRAUw,Constantine,['Constantine Maroulis']
Calling the World,Rooney,1qnCc35z3I85Igk8l7crK1,Calling The World,['Rooney']
Permission to Fly,Jordan Pruitt,5loSLh866O8ZVGH1nSzO1I,Permission to Fly,['Jordan Pruitt']
Julianne Hough,Julianne Hough,3OqJhhtUa4MlJNZNK7BZ4a,Julianne Hough,['Julianne Hough']
Multiplication Mountain,Hap Palmer,5uhbo5A3XAab1dc33TL6TO,Multiplication Mountain,['Hap Palmer']
Believe,Justin Bieber,70f70xLCpH7wHaVvB2oZT9,Believe (Deluxe Edition),['Justin Bieber']
Believe Acoustic,Justin Bieber,4yz9rO7Q1UC2rK5eLOxmS7,Believe Acoustic,['Justin Bieber']
Beautiful Creatures (Original Motion Picture Soundtrack),thenewno2,1fLxHMDfXaFXaapDlQPrE3,Beautiful Creatures (Original Motion Picture Soundtrack),['thenewno2']
Here We Go Again,Demi Lovato,01yg4gm9pFOJbwQKj46ZYK,Here We Go Again,['Demi Lovato']
Get the Picture?,Smash Mouth,4nPIR0dNaZjD3zwvzmIG0b,Get The Picture,['Smash Mouth']
Measure of a Man,Clay Aiken,5Y0QttawNzgJtG24VnbKSA,Measure Of A Man,['Clay Aiken']
The Real Thing,Bo Bice,4g0TGHOAnACPsqCwSoOR4m,The Real Thing,['Bo Bice']
Underneath,Hanson,6piMRP43ba9Jmu8LyjQOcA,Underneath,['Hanson']
JoJo,Jojo,1UIesw6QSRT3VrFN36hwgp,JoJo,['JoJo']
One Love,Kimberley Locke,5Bwuin8Jq4JBGuFtUl5UrT,One Love,['Kimberley Locke']
Borrowed Heaven,The Corrs,6L0iDhvE7bFGWUlFYCSPpJ,Borrowed Heaven,['The Corrs']
The Day Has Come,Cheyenne Kimball,05zsmNbb6gyxOVrRpAm21L,The Day Has Come,['Cheyenne Kimball']
Hilary Duff,Hilary Duff,51K6Op3c6XouBYKThO8OL6,Hilary Duff,['Hilary Duff']
Ocean Avenue,Yellowcard,24IBCzEJlHBI0ioxlSuSPA,Ocean Avenue,['Yellowcard']
Blue Skies,Diana DeGarmo,232euMsRioMicWgyDi0911,Blue Skies,['Diana DeGarmo']
The Beautiful Letdown,Switchfoot,2mIYia4lSO1NCSFGGGGNR9,The Beautiful Letdown (Deluxe Version),['Switchfoot']
Beautiful Soul,Jesse McCartney,2gidE8vgVOkYufANjuvj3S,Beautiful Soul,['Jesse McCartney']
Rebirth,Jennifer Lopez,1fRr47hbp60yegltnsvkEH,Rebirth,['Jennifer Lopez']
Never Gone,Backstreet Boys,1Wz9PANLXjaOskUv575hRV,Never Gone,['Backstreet Boys']
Small Town Girl,Kellie Pickler,5bFtvUDukm5P0idSnW7M7n,Small Town Girl,['Kellie Pickler']
On My Way Here,Clay Aiken,0YLYl1Forg3RthWeeIrzaS,On My Way Here,['Clay Aiken']
A Public Affair,Jessica Simpson,2YzYKCgsmHx3sG4Gkm34Me,A Public Affair,['Jessica Simpson']
Dignity,Hilary Duff,2OD92YQZuME96A0b1aJzQF,Dignity,['Hilary Duff']
Coverage,Mandy Moore,0llQVKRy83M2BsXFQQnztZ,Coverage,['Mandy Moore']
Continuum,John Mayer,1Xsprdt1q9rOzTic7b9zYM,Continuum,['John Mayer']
All Together Now,Various Artists,1DBR2L42iHpzUM8Aw33C2I,All Together Now - Radio Edition,['Various Artists']
Corinne Bailey Rae,Corinne Bailey Rae,141Mp3P2VKHQMhtkW1DyQg,Corinne Bailey Rae,['Corinne Bailey Rae']
I Am,Chrisette Michele,0Hivy0BMHGqvqE7syF72j9,I Am,['Chrisette Michele']
Katharine McPhee,Katharine McPhee,5zdIu2gSDAnEH9Gx2tWqXr,Katharine McPhee,['Katharine McPhee']
Taylor Hicks,Taylor Hicks,3nlWXJ6v7cemNilz77YcxD,Taylor Hicks,['Taylor Hicks']
Eye to the Telescope,KT Tunstall,3j70PDKieTWQAwas3bPHRZ,Eye To The Telescope,['KT Tunstall']
"Love, Pain & the Whole Crazy Thing",Keith Urban,4sTNnZi0xkMIaFs8tT96fl,"Love, Pain & The Whole Crazy Thing",['Keith Urban']
Most Wanted,Hilary Duff,0avvQ4S2b7fCEXqnrnzxw7,Most Wanted,['Hilary Duff']
Nothing Is Sound,Switchfoot,67s7cTDzGwhWwZeJD9OhSX,Nothing Is Sound,['Switchfoot']
You Stand Watching,Ryan Cabrera,57iCBojsFw1hcn8p5eQzpa,You Stand Watching (U.S. Version),['Ryan Cabrera']
Unfabulous and More,Emma Roberts,3A8AqPfpxPMkXkePO1N2ea,Unfabulous and More,['Emma Roberts']
Greatest Hits,Spice Girls,2XLpqfYjGTecYQJQU9wFxG,Greatest Hits,['Spice Girls']
"Hello, Good Friend",The Rocket Summer,4yFoGX4PpiDBfbyaCxV340,"Hello, Good Friend.",['The Rocket Summer']
Some Hearts,Carrie Underwood,0kys2jaKAiDPfNBd4z7LAg,Some Hearts,['Carrie Underwood']
This Crazy Life,Joanna,36w2dambPh1D43TPTPoKRY,This Crazy Life,['Joanna']
Como Ama Una Mujer,Jennifer Lopez,07ztulX4jyOAR5nUUYc2K6,Como Ama Una Mujer,['Jennifer Lopez']
Wild Hope,Mandy Moore,1ArV7hbaBBgEjN8j3y6M0B,Wild Hope,['Mandy Moore']
Kidz Bop,Kidz Bop Kids,1pVDyIhEeVDBQjZYO67ytl,KIDZ BOP 2022,['Kidz Bop Kids']
Spice,Spice Girls,3x2jF7blR6bFHtk4MccsyJ,Spice,['Spice Girls']
Drastic Fantastic,KT Tunstall,4XpXkww6Q6KLFOaFmZ6IxX,Drastic Fantastic,['KT Tunstall']
Spirit,Leona Lewis,0VaAFegRAAn4OCg7p4QjN5,Spirit,['Leona Lewis']
Poison Kiss,The Last Goodnight,3MOMO36PjOCsTjRgN7D7IE,Poison Kiss,['The Last Goodnight']
Exile on Mainstream,Matchbox Twenty,0oFlNGmGpsFvvhBgnNPirh,Exile on Mainstream,['Matchbox Twenty']
Still Feels Good,Rascal Flatts,0AOo1R9etwkWPjoFSsse0T,Still Feels Good,['Rascal Flatts']
Family,LeAnn Rimes,4A9PQ5ypYpDo8BD2s6DYMa,Family,['LeAnn Rimes']
Brave,Jennifer Lopez,7i3VnuGAGi7howNQLPRhgJ,Brave,['Jennifer Lopez']
Nothing Left to Lose,Mat Kearney,6QhRwIZzTZ2ShlXVZsVfbM,Nothing Left To Lose,['Mat Kearney']
Through These Walls,Hilary McRae,2tgvhKCckLmvdWKu1tio7z,Through These Walls,['Hilary McRae']
As I Am,Alicia Keys,6KlxyxhXEDo1LdheFulN7h,As I Am (Expanded Edition),['Alicia Keys']
The Diary of Alicia Keys,Alicia Keys,6TqRKHLjDu5QZuC8u5Woij,The Diary Of Alicia Keys,['Alicia Keys']
Love on the Inside,Sugarland,75lIR4lwBkSh39CpLdi8hb,Love On The Inside,['Sugarland']
Why Wait,Kristy Lee Cook,53Lwd2oazODHF5QQBECN76,Why Wait,['Kristy Lee Cook']
David Archuleta,David Archuleta,4aZ3Mf9Tza576UhJ9kjYd7,David Archuleta,['David Archuleta']
David Cook,David Cook,4MJcuG31fFG8rimuSCvJyx,David Cook,['David Cook']
No Boundaries,Kris Allen,4jhP24Jk6DheWefWF9MUYx,No Boundaries,['Kris Allen']
Christmas from the Heart,David Archuleta,1n7udHnNnkdV1vBoBuM5cU,Christmas From The Heart,['David Archuleta']
High Hopes & Heartbreak,Brooke White,6JXPJmGI2M0EdTcszZAaxw,High Hopes & Heartbreak,['Brooke White']
The Time of Our Lives,Miley Cyrus,64aKkqxc3Ur2LYIKeS5osS,The Time Of Our Lives,['Miley Cyrus']
Echo,Leona Lewis,2zL05F00c8OnJuAd765hEQ,Echo,['Leona Lewis']
Kris Allen,Kris Allen,5fM41TOegBBrRO7NhmFYvP,Kris Allen,['Kris Allen']
Hello Hurricane,Switchfoot,13g5iiYz95LhLJc6AVXHu9,Hello Hurricane,['Switchfoot']
Play On,Carrie Underwood,3iLrVuA1k7onNmZTuUQH4u,Play On,['Carrie Underwood']
I Dreamed a Dream,Susan Boyle,7ItTgSAt7No6Yv0aDu2nqU,I Dreamed A Dream,['Susan Boyle']
Just Like You,Allison Iraheta,4CaDpxdeAQMrhuS5jBfEhE,Just Like You,['Allison Iraheta']
Unbroken,Katharine McPhee,1hrK4uDbw0YkGgL8bshsoH,Unbroken,['Katharine McPhee']
The Sea,Corinne Bailey Rae,6BxDGmmHKXvYvvGur0CdTI,The Sea,['Corinne Bailey Rae']
Who I Am,Nick Jonas & the Administration,5ujKKeQEPzfCsDbrv7ZRBU,Who I AM,['Nick Jonas & The Administration']
My Best Days,Danny Gokey,1QBedSo6cA1zfC2FPG1n6I,My Best Days,['Danny Gokey']
Jason Castro,Jason Castro,0xtQMHjzZDrvwe8PbBNAgc,Jason Castro (Deluxe),['Jason Castro']
Ocean Eyes,Owl City,3vf65wfk1EEjVhy6BjENsS,Ocean Eyes,['Owl City']
American Idol: Season 9,Various Artists,1YIvCBsaKQRf3cBBKiTHNH,American Idol: Season 9,['Various Artists']
Sparks Fly,Miranda Cosgrove,3Y5W2onbNSiRWSwROthGnH,Sparks Fly (Deluxe Version),['Miranda Cosgrove']
"Glee: The Music, Volume 3 Showstoppers",Glee Cast,2a3ZaGtvw7l3nqQL6Z2FEp,"Glee: The Music, Volume 3 Showstoppers",['Glee Cast']
Charice,Charice,2GhwG1q1nyMEc3GAfnQysg,Charice,['Charice']
A Year Without Rain,Selena Gomez,2rxTiLaHxp9jctuczFwwHp,A Year Without Rain,['Selena Gomez & The Scene']
"Glee: The Music, The Christmas Album",Glee Cast,5NBvxR9saJ2OL3QLCha8yW,"Glee: The Music, The Christmas Album",['Glee Cast']
"""Christmas Lights""",Coldplay,06CvxUVwS8h2aJYcCtApgy,Christmas Lights,['Coldplay']
Michael,Michael Jackson,77dNyQA0z8dV33M4so4eRY,The Essential Michael Jackson,['Michael Jackson']
When the Sun Goes Down,Selena Gomez,49yHvRh1cOfLcEKukEP7Ox,When The Sun Goes Down,['Selena Gomez & The Scene']
Mylo Xyloto,Coldplay,2R7iJz5uaHjLEVnMkloO18,Mylo Xyloto,['Coldplay']
Fastlife,Joe Jonas,2ObFLv4EhjsoUZAdnubnd9,Fastlife,['Joe Jonas']
Stronger,Kelly Clarkson,1MNvMtEmMMdBXZBDcFNcWj,Stronger (Deluxe Version),['Kelly Clarkson']
Graceland,Paul Simon,6WgGWYw6XXQyLTsWt7tXky,Graceland (25th Anniversary Deluxe Edition),['Paul Simon']
Legend,Bob Marley,4jKeipwuUTjlx9USNYdhZn,Legend - The Best Of Bob Marley And The Wailers,['Bob Marley & The Wailers']
Coexist,The xx,4SXTQ305LjMh2DBHA3CXIW,Coexist,['The xx']
Kiss,Carly Rae Jepsen,29blfJv8AddJrjuG3DpE13,Kiss (Deluxe),['Carly Rae Jepsen']
Push and Shove,No Doubt,6W78bbz5FHWg8HmFzQoP4K,Push And Shove,['No Doubt']
Band on the Run,Paul McCartney & Wings,6tjhlC2cAY4VtP92VKyqnD,Band On The Run (Archive Collection),"['Paul McCartney', 'Wings']"
Red,Taylor Swift,6kZ42qRrzov54LcAk4onW9,Red (Taylor's Version),['Taylor Swift']
Take Me Home,One Direction,2sWX3HYnZjPZ9MrH6MFsBt,Take Me Home (Expanded Edition),['One Direction']
Greatest Hits - Chapter One,Kelly Clarkson,4S08bOIf2PHzp2bmP0mdaV,Greatest Hits - Chapter One,['Kelly Clarkson']
The World from the Side of the Moon,Phillip Phillips,773GsAWk3z8mGgMDeR7n1A,The World From The Side Of The Moon (Deluxe),['Phillip Phillips']
Midnight Memories,One Direction,7p1fX8aUySrBdx4WSYspOu,Midnight Memories (Deluxe),['One Direction']
Morning Phase,Beck,2Qx7dgA5VjX8JDQaXVxzHu,Morning Phase,['Beck']
Soulful,Ruben Studdard,47bXgGhWuf860hvtAHX1Vr,Soulful,['Ruben Studdard']
Folklore,Nelly Furtado,0n5YYYnL8cjKL2E7fmu1lu,Folklore,['Nelly Furtado']
Fefe Dobson,Fefe Dobson,12PDdl6duI4nUZJZzQuNdK,Fefe Dobson,['Fefe Dobson']
Afrodisiac,Brandy,0TBkOhBNDAooz45OxNZSle,Afrodisiac,['Brandy']
Take It All Away,Ryan Cabrera,78IbgGcKueK33SETMOQfaj,Take It All Away (U.S. Version),['Ryan Cabrera']
The All-American Rejects,All-American Rejects,0TvOeelcHQXYgPcyQiLhyR,The All-American Rejects,['The All-American Rejects']
Lost and Found,Will Smith,2Zn6qjbnBEy1f6KRBk2S93,Lost And Found,['Will Smith']
The One,Frankie J,3S2InZkyQQfQ16oSQOsGGn,The One,['Frankie J']
Speak,Lindsay Lohan,3ZxcXB6JtLDAEUDLVkiIRe,Speak,['Lindsay Lohan']
Welcome Back,Mase,3Mb97a181fWxWHlGQGHTPO,Welcome Back,['Mase']
Thankful,Kelly Clarkson,5ErgI599IvfYniy0UWVGBN,Thankful,['Kelly Clarkson']
Goodbye Alice in Wonderland,Jewel,1D64yynWfPM3kIz3GWMJV8,Goodbye Alice In Wonderland,['Jewel']
Music of the Sun,Rihanna,4FyGpObwABjn0o8Tdp7AZz,Music Of The Sun,['Rihanna']
Greetings from Imrie House,The Click Five,7gZilZGYr8M7UwEeYvdAKZ,Greetings From Imrie House (U.S. Version),['The Click Five']
Lost Highway,Bon Jovi,3Dxca4qkrQuwU4Fcix3l1a,Lost Highway,['Bon Jovi']
Breakaway,Kelly Clarkson,5gDAEao3VxFdbm8vS0koQq,Breakaway,['Kelly Clarkson']
Every Second Counts,Plain White T's,6MEfS6zFbBYZalRsumJsvs,Every Second Counts,"[""Plain White T's""]"
Taylor Swift,Taylor Swift,7mzrIsaAjnXihW3InKjlC3,Taylor Swift,['Taylor Swift']
Viva La Cobra,Cobra Starship,5hJuFOrpXDXHtBmAHnAvua,¡Viva la Cobra!,['Cobra Starship']
Nickelodeon Kids' Choice,Various Artists,3iNxjRF5o7pHtYgpXFos9C,Nickelodeon Kids' Choice Vol. 2,['Various Artists']
Whisper War,The Cab,0KuIVLLLNpn56GtINMYlJP,Whisper War,['The Cab']
Jordan McCoy,Jordan McCoy,4h7duHVfLgfe2KuJBUZmgy,Jordan McCoy EP,['Jordan McCoy']
The Element of Freedom,Alicia Keys,0Rxab8t0y7GlaTJTHX2wEN,The Element Of Freedom,['Alicia Keys']
Battlefield,Jordin Sparks,1ji0b2gTyx4VYtkrbc3XJt,Battlefield,['Jordin Sparks']
Love Drunk,Boys Like Girls,7DphDayDRJ1NtRmveflFWD,Love Drunk,['Boys Like Girls']
Brand New Eyes,Paramore,27UqZoE1kV6sIV6uQcI28A,Brand New Eyes,['Paramore']
Tomorrow,Sean Kingston,33YSJfsBkjN3yqcq18bdRi,Tomorrow,['Sean Kingston']
Full Circle,Creed,63a1DgGeNsC197MCiV0X0i,Full Circle,['Creed']
The Fall,Gorillaz,5jJGGsAztgUEXUHHZ2zrah,The Fall,['Gorillaz']
Wasting Light,Foo Fighters,5lnQLEUiVDkLbFJHXHQu9m,Wasting Light,['Foo Fighters']
Beauty and the Beat,The Go-Go's,1L4HE00En7eNK74voVZums,Beauty And The Beat,"[""The Go-Go's""]"
Fly Like an Eagle,Steve Miller Band,0fjJOLqG3v7vXRYhz2wxPC,Fly Like An Eagle,['Steve Miller Band']
Blown Away,Carrie Underwood,7atJn49QvtOLiFxhQd2hp9,Blown Away,['Carrie Underwood']
Little Creatures,Talking Heads,7IMqoztesjFDgyeibke8Jz,Little Creatures,['Talking Heads']
Paramore,Paramore,4sgYpkIASM1jVlNC8Wp9oF,Paramore,['Paramore']
Stars Dance,Selena Gomez,3cGKAHAUhAaTTezK4GbBhQ,Stars Dance (Bonus Track Version),['Selena Gomez']
Demi,Demi Lovato,6Kssm2LosQ0WyLukFZkEG5,Demi,['Demi Lovato']
Unbroken,Demi Lovato,1ypH0eU9RcE6wngSGSqmeY,Unbroken,['Demi Lovato']
Metamorphosis,Hilary Duff,2zfZe8P8jg53kZaAfCdBYs,Metamorphosis,['Hilary Duff']
Seal IV,Seal,4jOW09HsMIADGRyRvXryrv,Seal IV,['Seal']
Everything to Everyone,Barenaked Ladies,4cSFHSFiqnMYR3vZvDaz8t,Everything to Everyone,['Barenaked Ladies']
Afterglow,Sarah McLachlan,1M6GCPkg0T2yCcakSZO5Bk,Afterglow,['Sarah McLachlan']
Payable on Death,P.O.D.,05gn8OafjiVteVcSQrPp9J,Payable on Death (U.S. Version),['P.O.D.']
Phantom Planet,Phantom Planet,5gXci0k7gSpZ20D0fyR61D,Phantom Planet,['Phantom Planet']
Life for Rent,Dido,6PEApt1cBh2EtWeXMKZJzo,Life For Rent,['Dido']
The Very Best of Sheryl Crow,Sheryl Crow,7Kw98O8x1Urwo139vaO0fJ,The Very Best Of,['Sheryl Crow']
Songs About Jane,Maroon 5,5zClcGCSWj926AMjvBNSLc,Songs About Jane: 10th Anniversary Edition,['Maroon 5']
Because I Can,Katy Rose,7Fq8F0w5v9WCQufeYRXcKI,Because I Can,['Katy Rose']
The Reason,Hoobastank,2zE1YKY7Okj10Tjl09jjth,The Reason (15th Anniversary Deluxe),['Hoobastank']
Musicology,Prince,1jy9Nciz47PNHiUB7FxAjK,Musicology,['Prince']
Baptism,Lenny Kravitz,6LToEXs3jBCKIFgC3AWU5R,Baptism,['Lenny Kravitz']
It's About Time,Christina Milian,50788lreazhleomCK0JQDf,It's About Time,['Christina Milian']
Cherie,Cherie,4UT1jlfSATVxCkL1mXXpcu,Cherie (U.S. Version),['Cherie']
Gold Medal,The Donnas,4XoZkJosiyfetLAe6FQ9KF,Gold Medal (U.S. Version 83770),['The Donnas']
How to Dismantle an Atomic Bomb,U2,5PQPur1PEZFDkI0AXbxFlB,How To Dismantle An Atomic Bomb,['U2']
Free Yourself,Fantasia Barrino,09akBiw2Divm9zvF7GMJup,Free Yourself,['Fantasia']
SoulO,Nick Lachey,0bqjZ4ETUukYvp26P7ngIr,Soulo,['Nick Lachey']
The First Lady,Faith Evans,2WiOKRbyIKKeA8L7IossNX,The First Lady,['Faith Evans']
The Emancipation of Mimi,Mariah Carey,43iBTEWECK7hSnE0p6GgNo,The Emancipation of Mimi,['Mariah Carey']
Music from the O.C. Mix 4,Various Artists,0UGpMXZjVZQnOcO1j5NVCn,Music From The O.C. Mix 4,['Various Artists']
Make Believe,Weezer,4D8A8M0NJjEdQhusawyeDz,Make Believe,['Weezer']
...something to be,Rob Thomas,07hC5JSKAodpBIVR6A772E,Something to Be,['Rob Thomas']
Barenaked Ladies Are Men,Barenaked Ladies,2XZE8cC6IXifXjnZBA12W0,Barenaked Ladies Are Men,['Barenaked Ladies']
We Started Nothing,The Ting Tings,5AL6jS7C15zCQftt875Cgy,We Started Nothing,['The Ting Tings']
Eyes Open,Snow Patrol,6fb7z9rBdrjzpBTg1R1Bwp,Eyes Open,['Snow Patrol']
Right Where You Want Me,Jesse McCartney,2fcFCBEV9lCi8eQeLJIDYA,Right Where You Want Me,['Jesse McCartney']
Stadium Arcadium,Red Hot Chili Peppers,7xl50xr9NDkd3i2kBbzsNZ,Stadium Arcadium,['Red Hot Chili Peppers']
Boys Like Girls,Boys Like Girls,47ttGApwQx3iAWz8tFFnNj,Boys Like Girls,['Boys Like Girls']
The High Road,Jojo,3ym3JtyhWmVIJzEzTCCsHa,The High Road,['JoJo']
The Reminder,Feist,7bTdGfczXffzzNE9ssJj4Z,The Reminder,['Feist']
0304,Jewel,3r5kzAIMtXCA7yDV342uTr,0304,['Jewel']
Infinity on High,Fall Out Boy,0hHopYqXhuvYSHtVyrcb1g,Infinity On High,['Fall Out Boy']
Skin and Bones,Foo Fighters,4IBQvwIbtDluogvDe2qpaB,Skin And Bones (Live),['Foo Fighters']
Hotel Paper,Michelle Branch,5cMMHA3CyA21eRXP1pnm0Z,Hotel Paper,['Michelle Branch']
Mr. A-Z,Jason Mraz,0swM8EuQkgYV2knrZ8rFl2,Mr. A-Z,['Jason Mraz']
Move Along,All-American Rejects,3PWEGZ6CYvXRnr0JCECsDe,Move Along,['The All-American Rejects']
Unwritten,Natasha Bedingfield,3PEzTAuPW5IjLJ58FzwQeL,Unwritten,['Natasha Bedingfield']
From Under the Cork Tree,Fall Out Boy,5nkUSlIhtoJZMOUlB0sNCp,From Under The Cork Tree,['Fall Out Boy']
Wildflower,Sheryl Crow,6js6AsbjWMdMXapWYkbVSm,Wildflower (Deluxe Edition),['Sheryl Crow']
Ms. Kelly,Kelly Rowland,2aBdyOINaz4J1aap1eoLPW,Ms. Kelly,['Kelly Rowland']
Greatest Hits,Blink-182,31mnNcl6CzIcX8j9n75vYZ,Greatest Hits,['blink-182']
"For Me, It's You",Train,38dG1anRE06r3EckSoY2H7,"For Me, It's You",['Train']
The Breakthrough,Mary J. Blige,13HYuDhB1soZvHzwoymXoV,The Breakthrough,['Mary J. Blige']
Lights and Sounds,Yellowcard,5EaEOUs3O1MZRicDMUIuqo,Lights And Sounds,['Yellowcard']
Youth,Matisyahu,6xv4soedEKLMLzSpgWYuzf,Youth,['Matisyahu']
Let Love In,The Goo Goo Dolls,2EaUXdvwjATa08yxT8uGzR,Let Love In,['The Goo Goo Dolls']
What's Left of Me,Nick Lachey,0fBnFYNzbSXrXs6bRfZ7La,What's Left Of Me,['Nick Lachey']
Ms. Kelly: Diva Deluxe,Kelly Rowland,04NJVW7i0sRG6DMFClXOoN,Ms. Kelly: Diva Deluxe,['Kelly Rowland']
Introducing Joss Stone,Joss Stone,3VD9HPEpnbbNMIg05avkIk,Introducing Joss Stone,['Joss Stone']
Bucky Covington,Bucky Covington,01jSjbgvb1vFqtDBz1Edxk,Bucky Covington,['Bucky Covington']
Undiscovered,Brooke Hogan,2dIGOKhTLjAFb0rohp3CkB,Undiscovered (Walmart Version),['Brooke Hogan']
Rock Steady,No Doubt,0KFPnm4Ow2L9BuivmWT3pu,Rock Steady (Expanded Edition),['No Doubt']
My December,Kelly Clarkson,4LgTmVlUlNWsfriBJ0jury,My December,['Kelly Clarkson']
It Is Time for a Love Revolution,Lenny Kravitz,5n8PfxHoukvHzyRmzr1Eqb,It Is Time For A Love Revolution,['Lenny Kravitz']
Flavors of Entanglement,Alanis Morissette,57Zu3ZX6r9BpXkwY8xGixy,Flavors of Entanglement (Deluxe),['Alanis Morissette']
Hard Candy,Madonna,7jgBVzMVZuuhaTG5zQ0Vgk,Hard Candy,['Madonna']
Detours,Sheryl Crow,245704RhuUXj2ty55RKoJh,Detours,['Sheryl Crow']
Too Young To Fight It,Young Love,36XBifBZoPyhczlXOiFBbk,Too Young To Fight It,['Young Love']
Growing Pains,Mary J. Blige,5PlA7xVCN59vR0YAnRVisM,Growing Pains,['Mary J. Blige']
Day26,Day26,6nNMXP0XTdOCMaV23JmNM2,DAY26,['DAY26']
The Best Damn Thing,Avril Lavigne,6lqE05fiHWJVYYdMVJNj38,The Best Damn Thing (Expanded Edition),['Avril Lavigne']
Under My Skin,Avril Lavigne,7851Vsjv3apS52sXUik6iF,Under My Skin,['Avril Lavigne']
Little Voice,Sara Bareilles,2Z9WUERfMjOgQ6ze9TcGbF,Little Voice,['Sara Bareilles']
Tim's House,Kate Walsh,32f8wS2uaLtwg3DCpfqaHs,Tim's House (eAlbum),['Kate Walsh']
The Best of Salt-N-Pepa,Salt-N-Pepa,69XVjCuZz9JiqfqBTEvaS1,The Best Of Salt-N-Pepa,['Salt-N-Pepa']
Best Days,Matt White,5ZzTKVjD2dVzWVcauNLFEB,Best Days,['Matt White']
Rockferry,Duffy,6freV6eqxuFjSr3E93Oqtz,Rockferry,['Duffy']
Some People Have Real Problems,Sia,6jwrliQ4758qVYMtdgQtZt,Some People Have REAL Problems,['Sia']
Riot!,Paramore,71rziY9eLo1tA2dBMxrwhc,Riot!,['Paramore']
Coco,Colbie Caillat,0gX4aTUhxNbdFTJBXX7OrH,Coco,['Colbie Caillat']
Do You Know,Jessica Simpson,0SBkm80qA2eeKOFAg4ct3T,Do You Know,['Jessica Simpson']
Big Bad World,Plain White T's,5TAmG2iyx5BRYR2z8f9xUd,Big Bad World,"[""Plain White T's""]"
Fearless,Taylor Swift,4hDok0OAJd57SGIT8xuWJH,Fearless (Taylor's Version),['Taylor Swift']
All I Ever Wanted,Kelly Clarkson,4h8seeFAi6iYhslcWIxTSG,All I Ever Wanted,['Kelly Clarkson']
The Distance,Taylor Hicks,6X9p0NGdarWygAn1nnKHSW,The Distance,['Taylor Hicks']
The Fray,The Fray,3ibdlhMmbFPMYoWvwHCzI3,The Fray,['The Fray']
Love IS,Ruben Studdard,7IYaXHK5yLvVEqlw9leUay,Love Is,['Ruben Studdard']
Let Go,Avril Lavigne,3zXjR3y2dUWklKmmp6lEhy,Let Go,['Avril Lavigne']
Breakthrough,Colbie Caillat,3spYzDjQBTJuBM6VhoFah8,Breakthrough (Deluxe Edition),['Colbie Caillat']
Memoirs of an Imperfect Angel,Mariah Carey,3RPImDZ7Ihh5YR5iJh1gH1,Memoirs of an imperfect Angel,['Mariah Carey']
Celebration,Madonna,43lok9zd7BW5CoYkXZs7S0,Celebration (double disc version),['Madonna']
Fearless Platinum Edition,Taylor Swift,43OpbkiiIxJO8ktIB777Nn,Fearless Platinum Edition,['Taylor Swift']
Battle Studies,John Mayer,1V5vQRMWTNGmqwxY8jMVou,Battle Studies,['John Mayer']
For Your Entertainment,Adam Lambert,0cUNjl7p6LYZJkKXJWzqP0,For Your Entertainment,['Adam Lambert']
Graffiti,Chris Brown,20aDO05QIgZMY7BcKKI44D,Graffiti (Expanded Edition),['Chris Brown']
Contra,Vampire Weekend,0H8cHlbp6eieUUOLmv4FzJ,Contra,['Vampire Weekend']
Transference,Spoon,5ypZiViPNDX7ahiPSWQYTW,Transference,['Spoon']
Soldier of Love,Sade,3QzXOFN7Wh4WgilnraBYAU,Soldier of Love,['Sade']
Almost Alice,Various Artists,7l0F1RspxOZc23D0kCvORX,Almost Alice Deluxe,['Various Artists']
Smoke & Mirrors,Lifehouse,1IkEI6OxppVnKaBgZpJ0Sm,Smoke & Mirrors (Deluxe),['Lifehouse']
"Glee: The Music, The Power of Madonna",Glee Cast,5KAAk0fpF7F1Fs8JLQFux5,"Glee: The Music, The Power Of Madonna",['Glee Cast']
31 Minutes to Takeoff,Mike Posner,2nnIlWcriIqcJtjduWcTRl,31 Minutes to Takeoff,['Mike Posner']
Speak Now,Taylor Swift,5MfAxS5zz8MlfROjGQVXhy,Speak Now,['Taylor Swift']
The Suburbs,Arcade Fire,3DrgM5X3yX1JP1liNLAOHI,The Suburbs,['Arcade Fire']
21,Adele,0Lg1uZvI312TPqxNWShFXL,21,['Adele']
Songs for Japan,Various Artists,0b880W7YM9QyipTtEjF3JW,Newcomer Helps - Songs for Japan,['Various Artists']
Love?,Jennifer Lopez,3sysiYphqNRQw7VKLCg1yE,Love?,['Jennifer Lopez']
Born This Way,Lady Gaga,2KkMVsxymoNR7hRmBcMttd,Born This Way,['Lady Gaga']
Codes and Keys,Death Cab for Cutie,26HVbJdxW1zC799gz8yzUr,Codes and Keys,['Death Cab for Cutie']
All Things Bright and Beautiful,Owl City,4DiBfnAx5c8fkACkmlqiIB,All Things Bright And Beautiful,['Owl City']
"""Hell on Heels""",Pistol Annies,2zJVeRorn9q3XBeH7twIjc,Hell On Heels,"['Pistol Annies', 'Miranda Lambert']"
Ramones,Ramones,5uYDAwW0SZgcfOFkxrST64,Ramones (40th Anniversary Deluxe Edition; 2016 Remaster),['Ramones']
The Immaculate Collection,Madonna,5MzwGwnO9gkh0z6Nl4FF8h,The Immaculate Collection,['Madonna']
She's So Unusual,Cyndi Lauper,1FvdZ1oizXwF9bxogujoF0,She's So Unusual,['Cyndi Lauper']
This Year's Model,Elvis Costello,4RLIesiAVONV4fOUlOSmr4,This Year's Model (2021 Remaster),['Elvis Costello & The Attractions']
Pretenders,Pretenders,6AFFu3ilmlEDz1I9ZaNOZw,Pretenders,['Pretenders']
Innervisions,Stevie Wonder,5jgI8Eminx9MmLBontDWq8,Innervisions,['Stevie Wonder']
Born to Run,Bruce Springsteen,43YIoHKSrEw2GJsWmhZIpu,Born To Run,['Bruce Springsteen']
American Beauty,Grateful Dead,2UDDZVesmQwA4aYfa55diS,American Beauty (2013 Remaster),['Grateful Dead']
Parallel Lines,Blondie,4M6s2jbhKWEcOdXZ8WiHts,Parallel Lines,['Blondie']
Imagine,John Lennon,0xzaemKucrJpYhyl7TltAk,Imagine,['John Lennon']
Who's Next,The Who,5MqyhhHbT13zsloD3uHhlQ,Who's Next,['The Who']
The Wanted,The Wanted,0NN3zv0dQ73NkBd8tM7wFj,The Wanted (Special Edition),['The Wanted']
The Joshua Tree,U2,5y6wlw1LnqFnQFruMeiwGU,The Joshua Tree (Super Deluxe),['U2']
Back in Black,AC/DC,6mUdeDZCsExyJLMdAfDuwh,Back In Black,['AC/DC']
Welcome to the Fishbowl,Kenny Chesney,4u1IZuRRLb6tkP14kvAkGw,Welcome To The Fishbowl,['Kenny Chesney']
Led Zeppelin IV,Led Zeppelin,44Ig8dzqOkvkGDzaUof9lK,Led Zeppelin IV (Deluxe Edition),['Led Zeppelin']
Overexposed,Maroon 5,5x7JzoE4A3DwwU6FPt8qws,Overexposed,['Maroon 5']
Rumours,Fleetwood Mac,0BwWUstDMUbgq2NYONRqlu,Rumours (Super Deluxe),['Fleetwood Mac']
El Camino,The Black Keys,5DLhV9yOvZ7IxVmljMXtNm,El Camino,['The Black Keys']
Night Visions,Imagine Dragons,6htgf3qv7vGcsdxLCDxKp8,Night Visions,['Imagine Dragons']
Contrast,Conor Maynard,5jbzK5h4FujeX48gzLwBoi,Contrast,['Conor Maynard']
Random Access Memories,Daft Punk,4m2880jivSbbyEGAKfITCa,Random Access Memories,['Daft Punk']
The Blessed Unrest,Sara Bareilles,7lpbyGc4fHsQkBTsfWVBhp,The Blessed Unrest,['Sara Bareilles']
Prism,Katy Perry,3jB9yFDwRe3KhtGnHXJntk,PRISM,['Katy Perry']
Reflektor,Arcade Fire,2brwuyGZ2lLqWnBX6U4MQT,Reflektor,['Arcade Fire']
Turn Blue,The Black Keys,6TvxpBzf9c8H1fsrAaQ8t3,Turn Blue,['The Black Keys']
Lazaretto,Jack White,36LXzRarDP8TU8K0REGpt6,Lazaretto,['Jack White']
In This Skin,Jessica Simpson,1tCJPKhKa3j1OBgz0MhBUV,In This Skin (Deluxe Edition),['Jessica Simpson']
A Rush of Blood to the Head,Coldplay,0RHX9XECH8IVI3LNgWDpmQ,A Rush of Blood to the Head,['Coldplay']
Thalia,Thalia,5aHuKZqTY34cuOcIFfohrt,Thalia,['Thalia']
Heavier Things,John Mayer,6WivmTXugLZLmAWnZhlz7g,Heavier Things,['John Mayer']
Totally Hits 2003,Various Artists,0EAnfnbI6Sf9UmVXXl7QC7,Totally Hits 2003,['Various Artists']
Body Language,Kylie Minogue,49Wlbfa4PgIdDpiQUqcl4d,Body Language,['Kylie Minogue']
The Soul Sessions,Joss Stone,188TILSlxecPremJwHDkk7,The Soul Sessions,['Joss Stone']
Nick Cannon,Nick Cannon,1gTajehwHMHdk3vatkHo4E,Nick Cannon,['Nick Cannon']
Meteora,Linkin Park,4Gfnly5CzMJQqkUFfoHaP3,Meteora,['Linkin Park']
A Ghost Is Born,Wilco,1f8UM82zkRXTLy7qGp4lJF,A Ghost Is Born (Deluxe Version),['Wilco']
Autobiography,Ashlee Simpson,0w11HUk0hE4WZ95Bvp6vNI,Autobiography,['Ashlee Simpson']
Tyrannosaurus Hives,The Hives,2Qo8MVIOIyrBrqgoCsHCXV,Tyrannosaurus Hives,['The Hives']
Nina Sky,Nina Sky,15Zjx7K5ifTVmXa3Nk5B88,Nina Sky,['Nina Sky']
American Idiot,Green Day,5dN7F9DV0Qg1XRdIgW8rke,American Idiot,['Green Day']
Goodies,Ciara,71gUhKYZIWmmjqAHlY4Br3,Goodies,['Ciara']
Pressure Chief,Cake,6CWKuAxMXAv4s4tfPyMQY8,Pressure Chief,['CAKE']
Mind Body & Soul,Joss Stone,6O0QKBENHPmifQwLZZGnqM,Mind Body & Soul,['Joss Stone']
It's Already Written,Houston,5cCSKl7fCsFuNoTszec4MP,It's Already Written,['Houston']
Around the Sun,R.E.M.,5CI03g8QNehnEWXAhRtw0s,Around The Sun,['R.E.M.']
Fallen,Evanescence,02w1xMzzdF2OJxTeh1basm,Fallen,['Evanescence']
Still Not Getting Any,Simple Plan,7l3v1MPa9GlbxbVJmaVrVd,Still Not Getting Any,['Simple Plan']
A Little More Personal (Raw),Lindsay Lohan,0coRi1BhwR0KSFR2tF0cNG,A Little More Personal (RAW),['Lindsay Lohan']
Chariot,Gavin DeGraw,5YTn3PFD7mrjhucfeafJE7,Chariot,['Gavin DeGraw']
Guero,Beck,2EugWXUZjr78KJFqZavvZT,Guero,['Beck']
Stand Up,Dave Matthews Band,3lFy1aunkP0yXaoI6aCSrI,Stand Up,['Dave Matthews Band']
Touch,Amerie,2PFK4dMZkqUQfxfSrK8WMf,Touch,['Amerie']
Hot Fuss,The Killers,4undIeGmofnAYKhnDclN1w,Hot Fuss,['The Killers']
Paris,Paris Hilton,3jWfBkl247fFkyJprhd5qs,Paris (U.S. Standard Version),['Paris Hilton']
Broken Boy Soldiers,The Raconteurs,4Z1sCXBHHKWCsScOLAfuig,Broken Boy Soldiers,['The Raconteurs']
At War with the Mystics,The Flaming Lips,6oVaKzODiXqew6MScEd7T4,At War with the Mystics,['The Flaming Lips']
These Streets,Paolo Nutini,6L2FiSnFMisCgbhbag4KTl,These Streets,['Paolo Nutini']
Out of Exile,Audioslave,0HQhToIjonHnJRRPN4jeJU,Out of Exile,['Audioslave']
Planet Earth,Prince,0syG70oE22EOJDVlSmLic6,Planet Earth,['Prince']
Instant Karma: The Amnesty International Campaign to Save Darfur,Various Artists,5hJwAMtrAvp9cGLhR3ZmYN,Instant Karma: The Amnesty International Campaign To Save Darfur (Standard Version),['Various Artists']
Catalyst,New Found Glory,1Igrcji3zf5aC61saylDE1,Catalyst,['New Found Glory']
Justin Guarini,Justin Guarini,4xrAoEQAx5GRseORxqnlvu,Justin Guarini,['Justin Guarini']
The Sweet Escape,Gwen Stefani,7xnZ539lh8x6de9jzlpCJp,The Sweet Escape,['Gwen Stefani']
How to Save a Life,The Fray,1IM3GwptCGYjRkzCBolyFK,How To Save A Life,['The Fray']
After the Storm,Monica,4lSQkGgFffaUOd22Yrc25v,After The Storm,['Monica']
Under the Iron Sea,Keane,02Ird1pnGUdA6ruy87cxVa,Under The Iron Sea,['Keane']
Mind Control,Stephen Marley,1uJzh0ZINTIALdPwDVrbJP,Mind Control,['Stephen Marley']
Wincing the Night Away,The Shins,4Tm0dXi3s3aSAqng2DACHr,Wincing The Night Away,['The Shins']
The Best of Shel Silverstein,Shel Silverstein,5DgQfilvz7IVau96FjBGdO,The Best Of Shel Silverstein,['Shel Silverstein']
Plans,Death Cab for Cutie,1NFGnxmeIEBakre4DvLaJq,Plans,['Death Cab for Cutie']
Instigator,Kaci Brown,7kr1b0hmWcXdEWLF27Bbwh,Instigator,['Kaci Brown']
Extraordinary Machine,Fiona Apple,1z0O8lKuQRs974S8wcRiAs,Extraordinary Machine,['Fiona Apple']
Playing the Angel,Depeche Mode,0oHWHIlUObaSopO9wOhvfz,Playing the Angel,['Depeche Mode']
I Am Me,Ashlee Simpson,1YfNNrMrt3wj6qmUX8UPrn,I Am Me,['Ashlee Simpson']
Now That's What I Call Music! 20,Various Artists,5aNqHSr2qZND9vV2xYJXK8,"NOW That's What I Call Music! 20th Anniversary, Vol. 1",['Various Artists']
Confessions on a Dance Floor,Madonna,1hg0pQJLE9dzfT1kgZtDPr,Confessions on a Dance Floor,['Madonna']
Back II Da Basics,Ginuwine,6goyo8PoNG8wKZMWM36sEZ,Back II Da Basics,['Ginuwine']
Daniel Powter,Daniel Powter,4zhigAhPwqp43XVHBiVeQI,Daniel Powter,['Daniel Powter']
Pearl Jam,Pearl Jam,5PY2mZGCOMezmWH7hiCwFH,Pearl Jam,['Pearl Jam']
A Girl Like Me,Rihanna,2JdjS6jjOml7nt7Yjo0nnh,A Girl Like Me,['Rihanna']
Louder Now,Taking Back Sunday,3t5ZnNa4NdyldNHZcFhETb,Louder Now (Deluxe Edition),['Taking Back Sunday']
Soundtrack to Your Life,Ashley Parker Angel,3YczBWpkOC4VexF3vriCJF,Soundtrack To Your Life,['Ashley Parker Angel']
Welcome to the Dollhouse,Danity Kane,3NSb7dq7re8pssO2ukY1ta,Welcome to the Dollhouse,['Danity Kane']
Neon Bible,Arcade Fire,4GT6uZod4p5RiDMOVHOMme,Neon Bible,['Arcade Fire']
Because of the Times,Kings of Leon,5CiZOqd3iF6p2PsqBjljat,Because Of The Times,['Kings of Leon']
Simple Plan,Simple Plan,47TuxMxIeluBU1BuHcD5bW,Simple Plan,['Simple Plan']
Bittersweet World,Ashlee Simpson,2IbtirZUDqZxClEtPM9VFc,Bittersweet World,['Ashlee Simpson']
The Return,Ruben Studdard,2h0GpcEMoIf8haQTsrrLRo,The Return,['Ruben Studdard']
Insomniac,Enrique Iglesias,2MoRlkkEUNMtOGKn6OJTLi,Insomniac,['Enrique Iglesias']
Icky Thump,The White Stripes,2DSNJ8bdoYfC6Uydg8ilBC,Icky Thump,['The White Stripes']
Graduation,Kanye West,5fPglEDz9YEwRgbLRvhCZy,Graduation,['Kanye West']
Unleashed,Bow Wow,3PvNKl8aDlmSjZIEqB553J,Unleashed,['Bow Wow']
Discipline,Janet Jackson,5hDjUyxqB0g8uwn3M0g9MM,Discipline,['Janet Jackson']
Flight of the Conchords,Flight of the Conchords,0YFBrqatMlyDCqqYhhoizO,Flight Of The Conchords,['Flight of the Conchords']
Robyn,Robyn,5OvepfQiCFMCzML6fTgrBW,Robyn Is Here,['Robyn']
The Odd Couple,Gnarls Barkley,3R2TOuSPrGi3jNafJNFixD,The Odd Couple,['Gnarls Barkley']
3 Doors Down,3 Doors Down,0e2vlZj9wAALaxr5Bhxvw8,3 Doors Down,['3 Doors Down']
Dookie,Green Day,4uG8q3GPuWHQlRbswMIRS6,Dookie,['Green Day']
Voice of the Young People,Lil Mama,4SK0pQXKf7ecYbn3dcykZA,VYP - Voice of the Young People,['Lil Mama']
Sean Kingston,Sean Kingston,1y6Vw5HI0HmLOY2EtzLiPh,Sean Kingston,['Sean Kingston']
Just Like You,Keyshia Cole,7mdy09EO4q6F9VWBtXDDjK,Just Like You,['Keyshia Cole']
Vampire Weekend,Vampire Weekend,7n8NJkGKAl2np1bXiRn0CY,Vampire Weekend,['Vampire Weekend']
E=MC2,Mariah Carey,31MluXLYC0ZnCSfUZ5T4GX,E=MC2,['Mariah Carey']
In Rainbows,Radiohead,5vkqYmiPBYLaalcmjujWxK,In Rainbows,['Radiohead']
Evil Urges,My Morning Jacket,4IqeW3hG9973Yd6ajqiNl1,Evil Urges,['My Morning Jacket']
Aerosmith's Greatest Hits,Aerosmith,6IXRrteQyjBXc40XlIhnD3,Aerosmith's Greatest Hits,['Aerosmith']
Rotation,Cute Is What We Aim For,7gfUPIouc3qyVtghc64CAX,Rotation,['Cute Is What We Aim For']
Sol-Angel and the Hadley St. Dreams,Solange Knowles,6MsVbAqh2A9i7jYvPOsGNx,Sol-Angel and the Hadley St. Dreams (Deluxe),['Solange']
Hook Me Up,The Veronicas,6aL2SwYj5kSEvIcYORHP37,Hook Me Up,['The Veronicas']
The Colour and the Shape,Foo Fighters,30ly6F6Xl0TKmyBCU50Khv,The Colour And The Shape,['Foo Fighters']
Year of the Gentleman,Ne-Yo,6dTn9vJSxVTIGm4Cu5dH4x,Year Of The Gentleman (Bonus Track Edition),['Ne-Yo']
Jennifer Hudson,Jennifer Hudson,6RCEPR3vf58GQTK2sT1cQP,Jennifer Hudson,['Jennifer Hudson']
Unbeautiful,Lesley Roy,1rHXAzNDnX5EU6eAZo7BWm,Unbeautiful,['Lesley Roy']
808s & Heartbreak,Kanye West,3WFTGIO6E3Xh4paEOBY9OU,808s & Heartbreak,['Kanye West']
Day & Age,The Killers,0Ug5scDXUIgGN8yanDBLQw,Day & Age (Bonus Tracks),['The Killers']
Best of Hilary Duff,Hilary Duff,3w94bw5d71KiF3NOkxSwPi,Best Of,['Hilary Duff']
Human,Brandy,5FzwCzwtVRuep9jjnhGpn4,Human,['Brandy']
When the World Comes Down,All-American Rejects,3BCMpDOcQlbCZpf5vnTadZ,When The World Comes Down,['The All-American Rejects']
21st Century Breakdown,Green Day,1AHZd3C3S8m8fFrhFxyk79,21st Century Breakdown,['Green Day']
Leave This Town,Daughtry,4a3wP4t2IswXR40aXQcYrM,Leave This Town,['Daughtry']
"Glee: The Music, The Rocky Horror Glee Show",Glee Cast,3eyb90Yo0PkE6ZtCkOMF6Y,"Glee: The Music, The Rocky Horror Glee Show",['Glee Cast']
Love Is Dead,Kerli,54KLI1BEjqlTAfbyD0AgrR,Love Is Dead,['Kerli']
She Wolf,Shakira,5u0OuxRnf3FzvZR07xAxL2,She Wolf (Expanded Edition),['Shakira']
Number Ones,Janet Jackson,7qxMrD1a1AEWPmTiiltWda,Best Of Number Ones,['Janet Jackson']
All or Nothing,Jay Sean,2H66HrVR1UeMlAoSXpxUnk,All Or Nothing,['Jay Sean']
Raditude,Weezer,6J2BJd3FQDDlh2ZjL6QIpF,Raditude (Deluxe),['Weezer']
Need You Now,Lady Antebellum,3hnGcNi8oqGdwTm3CeniFA,Need You Now,['Lady A']
Plastic Beach,Gorillaz,2dIGnmEIy1WZIcZCFSj6i8,Plastic Beach,['Gorillaz']
Raymond v Raymond,Usher,6A1F3Fkq5dYeYYNkXflcTX,Raymond v Raymond (Expanded Edition),['Usher']
Still Standing,Monica,74q6SppUb5vWXAltV7B6bA,Still Standing,['Monica']
Congratulations,MGMT,3HA1Ru1gEAgaxTywkJmBOL,Congratulations,['MGMT']
"""The Catalyst""",Linkin Park,0NpE9IgpJOslyw3TuEJ4b4,The Catalyst,['Linkin Park']
Hurley,Weezer,5bZmKHyVdaybEuqg5sJjNZ,Hurley (Deluxe Edition),['Weezer']
Sigh No More,Mumford & Sons,6w5W6ZGTvDsppKUOiGMuMo,Sigh No More,['Mumford & Sons']
Femme Fatale,Britney Spears,0oFBaXLFsUVa2gEmJf4FcJ,Femme Fatale (Deluxe Version),['Britney Spears']
Nevermind,Nirvana,2guirTSEqLizK7j9i1MTTZ,Nevermind (Remastered),['Nirvana']
The Hunger Games: Songs from District 12 and Beyond,Various Artists,45nqVXRAW0xv0wpU9JljPN,The Hunger Games: Songs From District 12 And Beyond,['Various Artists']
Bad Reputation,Joan Jett,1gB28ytYFQElaXngAfeYep,Bad Reputation (Expanded Edition),['Joan Jett & The Blackhearts']
MDNA,Madonna,6xmfXi6p6SAxD4Rd7swccG,MDNA (Deluxe Version),['Madonna']
London Calling,The Clash,6FCzvataOZh68j8OKzOt9a,London Calling (Remastered),['The Clash']
Licensed to Ill,Beastie Boys,11oR0ZuqB3ucZwb5TGbZxb,Licensed To Ill,['Beastie Boys']
Trespassing,Adam Lambert,4mKnhWm5EZeZUfoUYUwT1h,Trespassing (Deluxe Version),['Adam Lambert']
Babel,Mumford & Sons,4Blt0T4LKGdWreILkYZre3,Babel (Deluxe Version),['Mumford & Sons']
Halcyon,Ellie Goulding,3KVeczHxWg5YFKb0gS62f2,Halcyon Days,['Ellie Goulding']
Night Train,Jason Aldean,2uXHwdc2aTcUP2EhXKhPRu,Night Train,['Jason Aldean']
Odelay,Beck,64vPyY759lLETSt8rvc7Sf,Odelay (Deluxe Edition),['Beck']
The Miseducation of Lauryn Hill,Lauryn Hill,1BZoqf8Zje5nGdwZhOjAtD,The Miseducation of Lauryn Hill,['Ms. Lauryn Hill']
Play,Moby,3wRlU7n3LULfjL0e9RtB5Q,Play & Play: B Sides,['Moby']
Pitch Perfect (Original Motion Picture Soundtrack),Various Artists,3C81mDhWllB5q56pfvik3U,Ultimate Pitch Perfect (Original Motion Picture Soundtrack),['Various Artists']
Pure Heroine,Lorde,0rmhjUgoVa17LZuS8xWQ3v,Pure Heroine,['Lorde']
X,Ed Sheeran,1xn54DMo2qIqBuMqHtUsFd,x (Deluxe Edition),['Ed Sheeran']
Love & Life,Mary J. Blige,14E2CvlcAY07HT9Y9TryxA,Love & Life,['Mary J. Blige']
Hail to the Thief,Radiohead,5mzoI3VH0ZWk1pLFR6RoYy,Hail To the Thief,['Radiohead']
Blink-182,Blink-182,6DMUAqxiFfLdqXv0vqcrQA,blink-182,['blink-182']
In the Zone,Britney Spears,0z7pVBGOD7HCIB7S8eLkLI,In The Zone,['Britney Spears']
Stripped,Christina Aguilera,2USigX9DhGuAini71XZEEK,Stripped,['Christina Aguilera']
Justified,Justin Timberlake,6QPkyl04rXwTGlGlcYaRoW,Justified,['Justin Timberlake']
The Battle for Everything,Five for Fighting,6RWEJvVwr8aCQfRchRhjMq,The Battle for Everything,['Five For Fighting']
A Crow Left of the Murder,Incubus,6YQRPEkWRVCorkUoKDOdgC,A Crow Left Of The Murder...,['Incubus']
Get Born,Jet,6NrLpQCPYrNS3kVWxDgIlg,Get Born,['Jet']
Damita Jo,Janet Jackson,0VMneW8zRFEqc2RffLf88S,Damita Jo,['Janet Jackson']
Phrenology,The Roots,01FOonRYntwISzaCSa7S7p,Phrenology,['The Roots']
Get Away from Me,Nellie McKay,5SXtseQfIRqgqhSj50qKY7,Get Away From Me (Explicit),['Nellie McKay']
Finally Woken,Jem,3RkjNfqqlhWyLrRp0ZCARU,Finally Woken,['Jem']
A Grand Don't Come for Free,The Streets,365ETCJBUmEWroc4UGBS1u,A Grand Don't Come for Free,['The Streets']
Franz Ferdinand,Franz Ferdinand,0vi5ePiEHrGZJF7QhnDW2z,Franz Ferdinand,['Franz Ferdinand']
Chuck,Sum 41,1aG8QbhABVtVxNlAkk8VBW,Chuck,['Sum 41']
Destiny Fulfilled,Destiny's Child,0b6ivSFfDs38MG7aLn9rvO,Destiny Fulfilled,"[""Destiny's Child""]"
Greatest Hits: My Prerogative,Britney Spears,574xhx2X0G9MkqACxqi4cg,Greatest Hits: My Prerogative,['Britney Spears']
Kala,M.I.A.,2xoj2gYed3IYmGWn3owSfu,Kala,['M.I.A.']
Turning Point,Mario,4qqrq2LYJYvKOV5Xrcajvp,Turning Point,['Mario']
Seventeen Days,3 Doors Down,067UgzF9Nbn25xHpY2DJdG,Seventeen Days,['3 Doors Down']
Empire,Kasabian,1SuykXotZpA8F3EbNv2yGd,Empire,['Kasabian']
Up in the Attic,Alien Ant Farm,4CE4sVePxYA0QJt7pSZJRj,Up In The Attic,['Alien Ant Farm']
Some Loud Thunder,Clap Your Hands Say Yeah,7M366GEGwjLrLSvXUKdsIX,Some Loud Thunder,['Clap Your Hands Say Yeah']
The Black Parade,My Chemical Romance,0FZK97MXMm5mUQ8mtudjuK,The Black Parade,['My Chemical Romance']
Cassie,Cassie,0j1qzjaJmsF1FkcICf3hRu,Cassie (U.S. Version),['Cassie']
Sawdust,The Killers,4NtamseeVOGesCm8W9oHSz,Sawdust,['The Killers']
The Open Door,Evanescence,3lFQ9ihSNR5YD0yi0yTzdC,The Open Door,['Evanescence']
In Your Honor,Foo Fighters,2eprpJCYbCbPZRKVGIEJxZ,In Your Honor,['Foo Fighters']
"Rise and Fall, Rage and Grace",The Offspring,67v63ubEsvDUQkYMzI7A9t,"Rise And Fall, Rage And Grace",['The Offspring']
"Alright, Still",Lily Allen,3nxPzWEJBjzonYWtTNb0uY,"Alright, Still (Bonus Track Version)",['Lily Allen']
American Life,Madonna,6makHXbA3KBYNlYEPXyFJW,American Life,['Madonna']
Chapter II,Ashanti,4vjeaWsf9UH2ecdKXAZaq2,Chapter II,['Ashanti']
Now That's What I Call Music! 13,Various Artists,4MUvzK8zNUnyoOGbhvnmi1,Now That's What I Call Music! 13,['Various Artists']
The Dutchess Deluxe,Fergie,4yMcA2sZNdE4JHHXP9rVLn,The Dutchess Deluxe,['Fergie']
Feels Like Home,Norah Jones,7GaAXgbFSpcJOiLlFGYyOL,Feels Like Home,['Norah Jones']
Game Theory,The Roots,6L0j61jDPGMliS3NrxVgiE,Game Theory,['The Roots']
Back to Black,Amy Winehouse,0E4xv5gPjykrwBgBZzI8XG,Back To Black (Deluxe Edition),['Amy Winehouse']
Once Again,John Legend,1ZWwFwSKaREGLWxpGiPAoF,Once Again,['John Legend']
Sam's Town,The Killers,4o3RJndRhHxkieQzQGhmbw,Sam's Town,['The Killers']
Wanted,Bow Wow,65G0BpV00GmLi5WUCeWdvT,Wanted,['Bow Wow']
Demon Days,Gorillaz,0bUTHlWbkSQysoM3VsWldT,Demon Days,['Gorillaz']
The Silence in Black and White,Hawthorne Heights,6ypfxw9fHuwow6dkcA4y1z,The Silence In Black And White (Re-Issue),['Hawthorne Heights']
PCD,The Pussycat Dolls,5x8e8UcCeOgrOzSnDGuPye,PCD,['The Pussycat Dolls']
You Could Have It So Much Better,Franz Ferdinand,3GNG4NPXfTeIGYjZ2FpS6P,You Could Have It So Much Better,['Franz Ferdinand']
Chris Brown,Chris Brown,49gaz5rhWWgqCw61M9700v,Chris Brown (Expanded Edition),['Chris Brown']
Back to Bedlam,James Blunt,1ekaxA9Q5GzUPCepx4wzMF,Back to Bedlam,['James Blunt']
If Only You Were Lonely,Hawthorne Heights,2EthcuI1HKMfZC6CeC3RHq,If Only You Were Lonely,['Hawthorne Heights']
Show Your Bones,Yeah Yeah Yeahs,4vILeh9sgKiDXnyL2pHCiz,Show Your Bones,['Yeah Yeah Yeahs']
"Whatever People Say I Am, That's What I'm Not",Arctic Monkeys,0ndGMh4twJNzPpr5XtHTR2,"Whatever People Say I Am, That's What I'm Not",['Arctic Monkeys']
3121,Prince,0GxSuS75qN3igpjycrPNxT,3121,['Prince']
Every Man for Himself,Hoobastank,6Z4FW5yorog5BtKsptAd47,Every Man For Himself (Expanded Edition),['Hoobastank']
Loose,Nelly Furtado,2yboV2QBcVGEhcRlYuPpDT,Loose,['Nelly Furtado']
Weekend in the City,Bloc Party,5qGqM14bpZCa1qQ7jt5W7R,A Weekend in the City,['Bloc Party']
Good Girl Gone Bad,Rihanna,3JSWZWeTHF4HDGt5Eozdy7,Good Girl Gone Bad: Reloaded,['Rihanna']
Kelis Was Here,Kelis,4WJoghWxyWEYtVNDn1eFYl,Kelis Was Here,['Kelis']
Kevin Lyttle,Kevin Lyttle,0OWwtYwEZFMquSeHGNv3cw,Kevin Lyttle (US Domestic Release),['Kevin Lyttle']
Because of You,Ne-Yo,52q9xNv8COtSU9phlbO5sg,Because Of You,['Ne-Yo']
20 Y.O.,Janet Jackson,0mRIaVhwnvAblQaRkvGJBA,20 Y.O.,['Janet Jackson']
Fantasia,Fantasia Barrino,42DybH3gl3WcfXAQySOEiX,Fantasia,['Fantasia']
It Won't Be Soon Before Long,Maroon 5,29hJ8AFYZU98OzenrMr6iU,It Won't Be Soon Before Long.,['Maroon 5']
Big Dog Daddy,Toby Keith,5Mjl6oC1zHDEs5vcvOSC3j,Big Dog Daddy,['Toby Keith']
Face Off,"Bow Wow, Omarion",2vLGz1q6Ra5u25yLDLQY46,Face Off,"['Bow Wow', 'Omarion']"
The Declaration,Ashanti,23d3EfXK0OEtfOB61bBz9d,The Declaration,['Ashanti']
Gavin DeGraw,Gavin DeGraw,5FbUXif3rTa8DX7TTwxegZ,Gavin DeGraw,['Gavin DeGraw']
Narrow Stairs,Death Cab for Cutie,7G84Q2FcA43cjLeWBSIedv,Narrow Stairs,['Death Cab for Cutie']
Anywhere I Lay My Head,Scarlett Johansson,2bBRv5VJOPSIHmSMhzfHXm,Anywhere I Lay My Head,['Scarlett Johansson']
Made of Bricks,Kate Nash,4KNq0XtAJOTRKIA6W5zRsY,Made of Bricks,['Kate Nash']
Raise the Dead,Phantom Planet,40Fpj6JCgw72JpvmTADofq,Raise The Dead,['Phantom Planet']
Departure,Jesse McCartney,2tDCfKFy2YW9N0IwNSRdOJ,Departure - Recharged,['Jesse McCartney']
Scream,Tokio Hotel,4YZNEE7JvTrw3uQVU02HRS,Scream,['Tokio Hotel']
Exclusive,Chris Brown,6p5pW2WwgVECsOhrXPAyhI,Exclusive (Expanded Edition),['Chris Brown']
Blackout,Britney Spears,1ePkYcH5ZQCb1b4tQeiEDj,Blackout,['Britney Spears']
Oracular Spectacular,MGMT,6mm1Skz3JE6AXneya9Nyiv,Oracular Spectacular,['MGMT']
Viva La Vida,Coldplay,1CEODgTmTwLyabvwd7HBty,Viva La Vida or Death and All His Friends,['Coldplay']
Here I Stand,Usher,2peB0xKYHSlIWc5boFA6PW,Here I Stand,['Usher']
Just a Rolling Stone,Donnie Klang,2OouFQU39c843vv3CLEhdB,Just A Rolling Stone,['Donnie Klang']
The Block,New Kids on the Block,211JuJs35O21gM0xTpp3Pc,The Block,['New Kids On The Block']
The Quilt,Gym Class Heroes,3a644SgpSaF6nV7Dyy1fqO,The Quilt,['Gym Class Heroes']
Death Magnetic,Metallica,0lf5ceMub7KQhLfGxCdM06,Death Magnetic,['Metallica']
Doll Domination,The Pussycat Dolls,7mDkWKTghwBDuHCJmH6qR5,Doll Domination (Deluxe),['The Pussycat Dolls']
Keeps Gettin' Better,Christina Aguilera,2019iQx5MmA6byqYqdK7zS,Keeps Gettin' Better: A Decade of Hits,['Christina Aguilera']
Prospekt's March,Coldplay,4XTT0NcNHyvl6h9JX2AfEi,Viva La Vida (Prospekt's March Edition),['Coldplay']
New Jack City II,Bow Wow,53RLYOUQomoPUJyvMHPAk1,New Jack City II,['Bow Wow']
The Redemption,Brooke Hogan,2lzcQaU6WOzBfZahLV1VSU,The Redemption,['Brooke Hogan']
Three Days Grace,Three Days Grace,13topfW33NjnACjnRiZBX7,Three Days Grace,['Three Days Grace']
Cradlesong,Rob Thomas,72aNaOna8AV0GZADXRbFlX,Cradlesong,['Rob Thomas']
Jessie James,Jessie James,30xG0AwSqAlBjlx8vPFzkX,Jessie James,['Jessie James Decker']
The Blueprint 3,Jay-Z,2CUT0104gySOIvqwtXeFsX,The Blueprint 3,['JAY-Z']
So Far Gone,Drake,1LShhEEKRT5MNPcO7jtYHh,So Far Gone,['Drake']
I Told You I Was Freaky,Flight of the Conchords,0a89maD3IKWIyWdOljmkQb,I Told You I Was Freaky,['Flight of the Conchords']
The Fame Monster,Lady Gaga,6rePArBMb5nLWEaY9aQqL4,The Fame Monster (Deluxe Edition),['Lady Gaga']
The Singles Collection,Britney Spears,325wcm5wMnlfjmKZ8PXIIn,The Singles Collection,['Britney Spears']
Jason Derulo,Jason Derulo,0aVJmVAeEx78nAA1rAKYf7,Jason Derulo,['Jason Derulo']
B.o.B Presents: The Adventures of Bobby Ray,B.o.B.,7apLPYT8szV1IqTxyVSy5P,B.o.B Presents: The Adventures of Bobby Ray,['B.o.B']
Bionic,Christina Aguilera,1HfdmIok11uUjysVWdxq6H,Bionic (Deluxe Version),['Christina Aguilera']
Rokstarr,Taio Cruz,0eGvq1J5Ke7VlLLOYIlY4k,The Rokstarr Hits Collection,['Taio Cruz']
Teenage Dream,Katy Perry,2eQMC9nJE3f3hCNKlYYHL1,Teenage Dream,['Katy Perry']
Ten,Pearl Jam,5B4PYA7wNN4WdEXdIJu58a,Ten,['Pearl Jam']
Sticky Fingers,Rolling Stones,29m6DinzdaD0OPqWKGyMdz,Sticky Fingers (Remastered),['The Rolling Stones']
Horses,Patti Smith,7xg7u99lilTCPbaRfnYuy6,Horses (Legacy Edition),['Patti Smith']
The Doors,The Doors,1jWmEhn3ggaL6isoyLfwBn,The Doors,['The Doors']
Legacy: The Greatest Hits Collection,Boyz II Men,5d4nVUov9qwP9POnKcoIEP,Legacy: The Greatest Hits Collection (Deluxe Edition),['Boyz II Men']
The Dark Side of the Moon,Pink Floyd,4LH4d3cOWNNsVw41Gqt2kv,The Dark Side of the Moon,['Pink Floyd']
The Essential Bob Dylan,Bob Dylan,1y3abw64BlSEeFuuhjlke1,The Essential Bob Dylan,['Bob Dylan']
Lotus,Christina Aguilera,56vCgdP2fIuKtvMu6MBL2Q,Lotus (Deluxe Version),['Christina Aguilera']
Blunderbuss,Jack White,6eSJ0lu0uwtiqXkP7Qrrno,Blunderbuss,['Jack White']
The 20/20 Experience,Justin Timberlake,0O82niJ0NpcptYRxogeEZu,The 20/20 Experience (Deluxe Version),['Justin Timberlake']
Music from Baz Luhrmann's Film The Great Gatsby,Various Artists,0ke0VwcET1D6neauEyk4U4,Music From Baz Luhrmann's Film The Great Gatsby (Deluxe Edition),['Various Artists']
...Like Clockwork,Queens of the Stone Age,5T5NM01392dvvd4EhGrCnj,...Like Clockwork,['Queens of the Stone Age']
Britney Jean,Britney Spears,5rlB2HPoNHg2m1wmmh0TRv,Britney Jean (Deluxe Version),['Britney Spears']
Recess,Skrillex,7rf1qZJ6hGSlPN7K9ShsVV,Recess,['Skrillex']
All the Right Reasons,Nickelback,69ny9Y7VrjVP7JNK0xhYke,All the Right Reasons (Special Edition),['Nickelback']
Master of Puppets,Metallica,7CGhx630DIjdJqaBDVKc5j,Master of Puppets (Remastered Deluxe Box Set),['Metallica']
Fever to Tell,Yeah Yeah Yeahs,44ePwTuWK88vnalqutqJEG,Fever To Tell (Deluxe Remastered),['Yeah Yeah Yeahs']
Confessions,Usher,1RM6MGv6bcl6NrAG8PGoZk,Confessions (Expanded Edition),['Usher']
Fly or Die,N.E.R.D.,1DDsclE9PANAkXHyNjlDI4,Fly Or Die,['N.E.R.D']
To The 5 Boroughs,Beastie Boys,4nnQZQWLibK1VIhCGDFjk3,To The 5 Boroughs,['Beastie Boys']
Good News For People Who Love Bad News,Modest Mouse,0TGTGuc2vXv6ZECoAf52N0,Good News For People Who Love Bad News,['Modest Mouse']
Futures,Jimmy Eat World,58EcHXCjDzwqHiXDo9523u,Futures (Deluxe Edition),['Jimmy Eat World']
Concrete Rose,Ashanti,3oL0vq8diYrPLGWVgjJBPD,Concrete Rose,['Ashanti']
Minutes to Midnight,Linkin Park,2tlTBLz2w52rpGCLBGyGw6,Minutes to Midnight,['Linkin Park']
Get Lifted,John Legend,4W6kVnBPgcW8zDYXbRHh2J,Get Lifted,['John Legend']
Public Warning,Lady Sovereign,4hYpyDcWxBQQPVlTaljf4o,Public Warning,['Lady Sovereign']
Sleeping in the Nothing,Kelly Osbourne,59hhTKnvImMoK63jvMAurn,Sleeping in the Nothing,['Kelly Osbourne']
O,Omarion,22zphAWMdb1RS1H8uxvXRa,O,['Omarion']
Dutty Rock,Sean Paul,3nAwSh2fcp3M8voQKZS2as,Dutty Rock,['Sean Paul']
The Young and the Hopeless,Good Charlotte,5CTygC3aONv7l0klY4k3hc,The Young and The Hopeless,['Good Charlotte']
The Cookbook,Missy Elliott,6vV5UrXcfyQD1wu4Qo2I9K,The Cookbook,['Missy Elliott']
Late Registration,Kanye West,5ll74bqtkcXlKE7wwkMq4g,Late Registration,['Kanye West']
Three Cheers for Sweet Revenge,My Chemical Romance,3DuiGV3J09SUhvp8gqNx8h,Three Cheers for Sweet Revenge,['My Chemical Romance']
Hypnotize,System of a Down,3QxX3NbWyLlLG6lP1xveL3,Hypnotize,['System Of A Down']
First Impressions of Earth,The Strokes,1HQ61my1h3VWp2EBWKlp0n,First Impressions Of Earth,['The Strokes']
In My Own Words,Ne-Yo,6gkwOLmk0ALMOjWs5WhAEr,In My Own Words,['Ne-Yo']
Todd Smith,LL Cool J,1fWRJnKYVaE87br8un0TTK,Todd Smith,['LL Cool J']
St. Elsewhere,Gnarls Barkley,7p2aWivr9OLXocSTTKtG9B,St. Elsewhere,['Gnarls Barkley']
Decemberunderground,AFI,1XcA7EEpVRg3FpVbhWu9JV,DECEMBERUNDERGROUND,['AFI']
The Cure,The Cure,54kHivms9VVDh6nQrWryv7,The Cure,['The Cure']
Year Zero,Nine Inch Nails,0hdOzMPrGJiGjX3epBP8NN,Year Zero,['Nine Inch Nails']
Collision Course,"Jay-Z, Linkin Park",4lhyg7YGQagE8FT8cZBqyw,Numb / Encore: MTV Ultimate Mash-Ups Presents Collision Course,"['JAY-Z', 'Linkin Park']"
American Gangster,Jay-Z,6QOGDVh3mVnAJYPnt66Qj5,American Gangster,['JAY-Z']
Circus,Britney Spears,2tve5DGwub1TtbX1khPX5j,Circus (Deluxe Version),['Britney Spears']
Scream Aim Fire,Bullet for My Valentine,04VE36yBM6GyJpDtD61e0p,Scream Aim Fire,['Bullet For My Valentine']
Intuition,Jamie Foxx,4Tk1gvdwy7TL3Ma2s9iZ9f,Intuition,['Jamie Foxx']
No Line on the Horizon,U2,2cVfcuckyfRP6KVAHsRPHC,No Line On The Horizon,['U2']
Scream,Chris Cornell,5S0nZaBZCnu3bN5UjfjtmZ,Scream,['Chris Cornell']
Metamorphosis,Papa Roach,24LFCYvhIN7abbS12Ijg9x,Metamorphosis,['Papa Roach']
Fantasy Ride,Ciara,5bIi3gz4jULkZV38aTwLPn,Fantasy Ride,['Ciara']
Rebelution,Pitbull,00zN65JStpVnpJn9ckMsQI,Pitbull Starring In Rebelution,['Pitbull']
Man on the Moon: The End of Day,Kid Cudi,2S8AWAM0nxyFy66YnUfIs3,Man On The Moon: The End Of Day (Deluxe),['Kid Cudi']
Loud,Rihanna,5QG3tjE5L9F6O2vCAPph38,Loud (Japan Version),['Rihanna']
F.A.M.E.,Chris Brown,6df0qvkMXoyHGt9J8cujZb,F.A.M.E. (Expanded Edition),['Chris Brown']
Watch the Throne,"Jay-Z, Kanye West",2P2Xwvh2xWXIZ1OWY9S9o5,Watch The Throne (Deluxe),"['JAY-Z', 'Kanye West']"
Take Care,Drake,6X1x82kppWZmDzlXXK3y3q,Take Care (Deluxe),['Drake']
Talk That Talk,Rihanna,2g1EakEaW7fPTZC6vBmBCn,Talk That Talk,['Rihanna']
Uno!,Green Day,6AFJIZmd1zWQDBBwHyeo9w,¡UNO!,['Green Day']
Unorthodox Jukebox,Bruno Mars,58ufpQsJ1DS5kq4hhzQDiI,Unorthodox Jukebox,['Bruno Mars']
Dos!,Green Day,71rrqHKVkUFx2CSVfxrrLs,¡DOS!,['Green Day']
Bangerz,Miley Cyrus,3RDqXDc1bAETps54MSSOW0,Bangerz (Deluxe Version),['Miley Cyrus']
Artpop,Lady Gaga,2eRJUtI7nXrQ5uYQ7tzTo9,ARTPOP,['Lady Gaga']
Ultraviolence,Lana Del Rey,1ORxRsK3MrSLvh7VQTF01F,Ultraviolence (Deluxe),['Lana Del Rey']
1000 Forms of Fear,Sia,6FdNvoO5sF4EKwCX9je1MH,1000 Forms Of Fear (Deluxe Version),['Sia']
Results May Vary,Limp Bizkit,3oUoQ0UH7Rv06x1kpSjS36,Results May Vary,['Limp Bizkit']
Room on Fire,The Strokes,3HFbH1loOUbqCyPsLuHLLh,Room On Fire,['The Strokes']
Splinter,The Offspring,6mVLRZmHfO3CQIk5e1WXBL,Splinter,['The Offspring']
America's Sweetheart,Courtney Love,6bOgUnESdYu6Ro5gtT5Qwk,America's Sweetheart,['Courtney Love']
Schizophrenic,JC Chasez,7CC3fri661gdruFmdPOP0j,Schizophrenic,['JC Chasez']
Permission to Land,The Darkness,6vW9ZDllNv87WHXS3XTjlM,Permission to Land,['The Darkness']
Kiss of Death,Jadakiss,3P7zOlM3IYKqW7f4Px6WKv,Kiss Of Death,['Jadakiss']
Back to Basics,Beenie Man,1WWXhQfZhwZR67iLJ9rBI2,Back To Basics,['Beenie Man']
Sweat,Nelly,2HOe7ExqoZcdXPWfMlODR3,Sweatsuit,['Nelly']
Real Talk,Fabolous,0852dsZQyLOGmvotlvOvoA,Real Talk (123),['Fabolous']
Here's to the Mourning,Unwritten Law,38atbYU5S7WIrAePHWjK2v,Here's To The Mourning,['Unwritten Law']
Chain Letter,Brooke Valentine,5du4q67RcG857pUYs9W0OU,Chain Letter,['Brooke Valentine']
In My Mind,Pharrell,2AYyw0FbE1GXlNHnx2Gj4a,In My Mind,['Pharrell Williams']
Press Play,Diddy,7kIi4z3UO8ZqH3GVX18p7h,Press Play,['Diddy']
Kingdom Come,Jay-Z,3A29Ss77LjRZ3sKuauWieY,Kingdom Come,['JAY-Z']
Mezmerize,System of a Down,0cn6MHyx4YuZauaB7Pb66o,Mezmerize,['System Of A Down']
Boy in Da Corner,Dizzee Rascal,4YTIXKkNoBKiGK8lzexYCS,Boy In Da Corner,['Dizzee Rascal']
FutureSex/LoveSounds,Justin Timberlake,2scB1uhcCI1TSf6b9TCZK3,FutureSex/LoveSounds,['Justin Timberlake']
Be,Common,2UuvBxV56QWWj2uviGS0up,Be,['Common']
The Rising Tied,Fort Minor,5v4Vx9loqMQCS3J7OmP9pa,The Rising Tied,"['Fort Minor', 'Mike Shinoda']"
City of Evil,Avenged Sevenfold,55tK4Ab7XHTOKkw0xDz3AA,City of Evil,['Avenged Sevenfold']
Vision Valley,The Vines,6zEs08qr7CUuahpM2o0Ldn,Vision Valley,['The Vines']
Food & Liquor,Lupe Fiasco,0TDJRkEr2SrhWTetdkEzED,Lupe Fiasco's Food & Liquor,['Lupe Fiasco']
The Cool,Lupe Fiasco,0MihD70HInk2rDaChdAdEy,Lupe Fiasco's The Cool,['Lupe Fiasco']
This Is Not a Test,Missy Elliott,4ffXByMAjLpd25ZyzEJNMK,This Is Not a Test!,['Missy Elliott']
The Music of Grand Theft Auto IV,Various Artists,0lTknHCG5YS0NeVWZuiWzm,The Music of Grand Theft Auto IV,['Various Artists']
Seeing Sounds,N.E.R.D.,20jWmZIMmIaclvShj8KSrB,Seeing Sounds,['N.E.R.D']
Nothing's Shocking,Jane's Addiction,4DVBJPJyizvHfJQt5pYaCa,Nothing's Shocking,"[""Jane's Addiction""]"
Exit 13,LL Cool J,1BdItqLfHlZhKztc1pzLkA,Exit 13,['LL Cool J']
"It's Not Me, It's You",Lily Allen,39zjAZD6nlscx5DafH8GI8,"It's Not Me, It's You",['Lily Allen']
Incredibad,The Lonely Island,5uWFEnAIeksRbygyWNrmlZ,Incredibad,['The Lonely Island']
Dark Horse,Nickelback,0GQ9AZBJSj109gmSdSrviC,Dark Horse,['Nickelback']
Rated R,Rihanna,7uGmyYwDFJbSc1xs4hkEs2,Rated R,['Rihanna']
Sex Therapy: The Experience,Robin Thicke,0NrP6lZ1RSuqE7xpmeKlNa,Sex Therapy: The Experience,['Robin Thicke']
My Beautiful Dark Twisted Fantasy,Kanye West,20r762YmB5HeofjMCiPMLv,My Beautiful Dark Twisted Fantasy,['Kanye West']
Pink Friday,Nicki Minaj,7aADdYLiK1z7GlMFr0UIZw,Pink Friday (Complete Edition),['Nicki Minaj']
Rolling Papers,Wiz Khalifa,6ZOXiVL8rmk2ATHJiFJhiD,Rolling Papers,['Wiz Khalifa']
Pink Friday: Roman Reloaded,Nicki Minaj,78XjkzI0J1YpzKUPgzWbat,Pink Friday: Roman Reloaded The Re-Up,['Nicki Minaj']
Channel Orange,Frank Ocean,392p3shh2jkxUxY2VHvlH8,channel ORANGE,['Frank Ocean']
Kanye West Presents Good Music Cruel Summer,Various Artists,0bcOGgwJpwBjfFBTApoqSn,Kanye West Presents Good Music Cruel Summer,['Various Artists']
Unapologetic,Rihanna,4eddbruVtOqw8khwxSH6H2,Unapologetic (Deluxe),['Rihanna']
O.N.I.F.C.,Wiz Khalifa,5S4SuPHbaozi5PDedAONTG,O.N.I.F.C. (Deluxe),['Wiz Khalifa']
Magna Carta... Holy Grail,Jay-Z,0OTjYdGtP7AbwOwbYsGhyi,Magna Carta... Holy Grail,['JAY-Z']
Nobody's Daughter,Hole,6b4JxTjcHZljZtpDMfsnz2,Nobody's Daughter,['Hole']
The Black Album,Jay-Z,4FWvo9oS4gRgHtAwDwUjiO,The Black Album,['JAY-Z']
Kamikaze,Twista,7tbgPQub8dUigxMdkYDfOb,Kamikaze,['Twista']
The College Dropout,Kanye West,4Uv86qWpGTxf7fU7lG5X6F,The College Dropout,['Kanye West']
Suit,Nelly,7xt2MWlSFHNP2NcHWE4W3b,Suit,['Nelly']
Encore,Eminem,1kTlYbs28MXw7hwO0NLYif,Encore (Deluxe Version),['Eminem']
Unpredictable,Jamie Foxx,045D1HbNHv4R31D9vkL8Ve,Unpredictable,['Jamie Foxx']
The Big Bang,Busta Rhymes,3lT0XTcteJfBbPNoPAmNRq,The Big Bang,['Busta Rhymes']
Untitled,Nas,5dMmFu9NCxSjDk3ekggogc,Untitled,['Nas']
LONG.LIVE.A$AP,A$AP Rocky,6rzMufuu8sLkIizM4q9c7J,LONG.LIVE.A$AP (Deluxe Version),['A$AP Rocky']
Earl,Earl Sweatshirt,3wUv2IjD5hPrqlPakpczQa,"I Don't Like Shit, I Don't Go Outside: An Album by Earl Sweatshirt",['Earl Sweatshirt']
Tasty,Kelis,5YXBnZzECnOFgssE5q43go,Tasty,['Kelis']
Jackpot,Chingy,0Hv5X7RRaM7F3hfAq0YmzB,Jackpot,['Chingy']
I Don't Want You Back,Eamon,1wpdvR1qooZm5UbSohCuOx,I Don't Want You Back,['Eamon']
The Slim Shady LP,Eminem,0vE6mttRTBXRe9rKghyr1l,The Slim Shady LP,['Eminem']
The Marshall Mathers LP,Eminem,6t7956yu5zYf5A829XRiHC,The Marshall Mathers LP,['Eminem']
The Eminem Show,Eminem,2cWBwpqMsDJC1ZUwz813lo,The Eminem Show,['Eminem']
Hood Hop,J-Kwon,4yTlfDLsW1dK2kG1qoNsrv,Hood Hop,['J-Kwon']
Split Personality,Cassidy,0rmGuTvPv9dbFzTmje1Jgb,Split Personality,['Cassidy']
Contraband,Velvet Revolver,64GnrmrpL1fvfF0r1AoZLB,Contraband,['Velvet Revolver']
The Hunger for More,Lloyd Banks,0Nk2ClpAEN3dLyzpKDVE2v,The Hunger For More,['Lloyd Banks']
Tha Carter,Lil Wayne,1MGEMBqM3v8OUM2glv7MSx,Tha Carter IV,['Lil Wayne']
Straight Outta Cashville,Young Buck,1E5TJXITJtczbSYmYR9LuQ,Straight Outta Cashville,['Young Buck']
Powerballin',Chingy,4glezLJwtCj64KOwor1Io9,PowerBallin',['Chingy']
The Red Light District,Ludacris,1KushUovbraTDRu9sbO5fg,The Red Light District,['Ludacris']
Street's Disciple,Nas,0jghcWTsQzux5T9sAfZO13,Street's Disciple,['Nas']
Weapons of Mass Destruction,Xzibit,3TPoenhq4aT0Yl3XNBbQ7X,Weapons of Mass Destruction (Explicit),['Xzibit']
R&G (Rhythm & Gangsta): The Masterpiece,Snoop Dogg,797fkvAtk0iZvP1HHPCWbp,R&G (Rhythm & Gangsta): The Masterpiece,['Snoop Dogg']
The Documentary,The Game,4PrPbmm0gKvaD3rerOXFg8,The Documentary,['The Game']
Hate It or Love It,Chingy,7d3C55wZ3R9bmpXkXsgtTV,Hate It Or Love It,['Chingy']
The Massacre,50 Cent,2pidzXTaHV4WaIJYRxKDCH,The Massacre,['50 Cent']
Crunk Juice,Lil Jon & the East Side Boyz,0hk2hXNB5d65F400dhcdcV,Crunk Juice,['Lil Jon & The East Side Boyz']
The Sound of Revenge,Chamillionaire,31dzB4ULKZfOH71tuaBiR8,The Sound of Revenge,['Chamillionaire']
All or Nothing,Fat Joe,1daamdMx4wmSEC3mfiCN37,All Or Nothing,['Fat Joe']
Release Therapy,Ludacris,77u9Ndnhi4raBZfnl22Jzg,Release Therapy,['Ludacris']
Re-Up,Eminem,6NeJONAsrs5xp24Jnkr4K0,Eminem Presents The Re-Up,['Eminem']
Hoodstar,Chingy,4km17Fy3fRGG4PEHQ4Fcta,Hoodstar (Deluxe Edition),['Chingy']
TP.3 Reloaded,R. Kelly,5Sl70dOaVeVpejaGIbcpsf,Tp.3 Reloaded,['R. Kelly']
The Day After,Twista,6LKbX6fsiMtw6xP4TgsY9Q,The Day After,['Twista']
United State of Atlanta,Ying Yang Twins,0tkYbxsTPQ5kTVdrvj4S3f,U.S.A. (United State of Atlanta),['Ying Yang Twins']
Curtain Call,Eminem,5qENHeCSlwWpEzb25peRmQ,Curtain Call: The Hits (Deluxe Edition),['Eminem']
See You On the Other Side,Korn,2c7ynrgZP08xNtkJi9MhjF,See You On the Other Side,['Korn']
T.I. vs T.I.P.,T.I.,1TrOr46SzyI7z9C6YnMRnM,T.I. VS T.I.P.,['T.I.']
Duets: The Final Chapter,Notorious B.I.G.,2M6rjUsC2T3KJ8Ku2uTTQG,Duets: The Final Chapter,['The Notorious B.I.G.']
Shock Value,Timbaland,4BxB8U8QgpR4UCvJ0moj8Z,Shock Value,['Timbaland']
Late Night Special,Pretty Ricky,0BHy9WW3l3NET1kmkldPtv,Late Night Special,['Pretty Ricky']
Get Rich or Die Tryin',50 Cent,4ycNE7y1rp5215g1kkqk1P,Get Rich Or Die Tryin',['50 Cent']
Konvicted,Akon,6kzoWb4UzvKYgbDfAwgaFq,Konvicted,['Akon']
Tha Carter III,Lil Wayne,5BGzOpea6At0Nd7tYtYZOP,Tha Carter III,['Lil Wayne']
Mail on Sunday,Flo Rida,5j1wrOAOm5KFd17pPiSvle,Mail on Sunday,['Flo Rida']
Souljaboytellem,Soulja Boy,5wFQi4xOTXILQSKQr0Ft8s,souljaboytellem.com,['Soulja Boy']
Curtis,50 Cent,5VfBwkAoSsQwtZjPU0Gr7h,Curtis,['50 Cent']
Ego Trippin',Snoop Dogg,0m85AvihFOnoaN3hpRsRBy,Ego Trippin',['Snoop Dogg']
51/50 Ratchet,Hurricane Chris,5LcmD1KwDZV4TZXuPSH24t,51/50 Ratchet,['Hurricane Chris']
Epiphany,T-Pain,6CrSEKCF4TYrbSIitegb3h,Epiphany (Expanded Edition),['T-Pain']
Last 2 Walk,Three 6 Mafia,0msDLgGPTbHmgPwY4yYRkn,Last 2 Walk,['Three 6 Mafia']
Raw Footage,Ice Cube,3xbWu3mLkkWZvgHtExIaKZ,Raw Footage,['Ice Cube']
All Hope Is Gone,Slipknot,0hFWapnP7orzXCMwNU5DuA,All Hope Is Gone,['Slipknot']
Shwayze,Shwayze,1dsx7hZiQeXIMDZ1dVgt5K,Shwayze,"['Shwayze', 'Cisco Adler']"
Paper Trail,T.I.,5PfepkNWgRR2DI02Y8AawC,Paper Trail,['T.I.']
Brass Knuckles,Nelly,6tH2KbxjKSHD5q7kqMsE8C,Brass Knuckles,['Nelly']
Thr33 Ringz,T-Pain,2J2PDIvk1YCTFy0HbJjyr7,Three Ringz (Thr33 Ringz) [Expanded Edition],['T-Pain']
Theater of the Mind,Ludacris,4zK2YeF922VXfzyxFteIfT,Theater Of The Mind (Expanded Edition),['Ludacris']
Relapse,Eminem,7MZzYkbHL9Tk3O6WeD4Z0Z,Relapse: Refill,['Eminem']
Party Rock,LMFAO,1MbBSfcqLg2OjkeZ1RMSIq,Sorry For Party Rocking,['LMFAO']
We Are Young Money,Young Money,0hDy52fqKwb2ZIjyNXGxan,We Are Young Money,['Young Money']
Rebirth,Lil Wayne,2v3xdUz73rd6Nness5SSIh,Rebirth,['Lil Wayne']
Battle of the Sexes,Ludacris,00kSgH9g6nYBQhjnRQFBew,Battle Of The Sexes (Deluxe),['Ludacris']
Recovery,Eminem,47BiFcV59TQi2s9SkBo2pb,Recovery,['Eminem']
Hell: The Sequel,Bad Meets Evil,5abCMGtyHwpOr9cEbwfP1P,Hell: The Sequel (Deluxe),['Bad Meets Evil']
Tha Carter IV,Lil Wayne,1MGEMBqM3v8OUM2glv7MSx,Tha Carter IV,['Lil Wayne']
Yeezus,Kanye West,7D2NdGvBHIavgLhmcwhluK,Yeezus,['Kanye West']
Trigga,Trey Songz,3pKTKC0AAe3yTcXQLzvpSW,Trigga Reloaded,['Trey Songz']
