Album_Name,Artist,Track_ID,Track_Name_Spotify,Artists_Spotify
"""All Is Love"" (CD single)",Karen O and the Kids,6SExQ9H4mX00FIhjffFM2z,All Is Love,"['Karen O', 'The Kids']"
"""Wash Your Hands"" (CD single)",Bill Harley,5gzOuRPg48fglThPc84goP,Wash Your Hands,['Bill Harley']
"""Just Like a Rockstar"" (CD Single)",The Fresh Beat Band,1b8NAn2ehmesKq4luLIfAc,Just Like A Rockstar,['The Fresh Beat Band']
"""Kung Fu Fighting"" (CD single)","Cee-Lo Green, Jack Black",7eGAQnxbIHHFtS1p9rmAZ0,Kung Fu Fighting,"['CeeLo Green', 'Jack Black']"
I Thought I Lost You (CD single),"John Travolta, Miley Cyrus",2Hlf0en29gylVvAPIFMRte,I Thought I Lost You - Soundtrack,"['Miley Cyrus', 'John Travolta']"
"""The Glow"" (CD Single)",Shannon Saunders,51GfZO5KgkHKO9Q7NwddVh,The Glow,['Shannon Saunders']
"""Sneakernight"" (CD Single)",Vanessa Hudgens,5qaxeIJLARExwa34d9TuYp,Sneakernight - Single Version,['Vanessa Hudgens']
"""Wake Up"" (CD single)",Sliimy,0WJAU6Psau5kWcmflgWJlK,Wake Up,['Sliimy']
"""Bully Bully"" (CD Single)",Shine And The Moonbeams,0OBPzFSVlNzW4a4GUsGPN8,Bully Bully,['Shine and the Moonbeams']
"""Leave It All to Me"" (CD single)",Miranda Cosgrove,7CMIy0uwXyeBv2MvaEUJM1,Leave It All To Me (Theme from iCarly) (feat. Drake Bell),"['Miranda Cosgrove', 'Drake Bell']"
"""Run It Back Again"" (CD single)",Corbin Bleu,6xUKBgEIjPOOHZjkdlttWk,Run It Back Again,['Corbin Bleu']
"""Cruella de Vil"" (CD single)",Selena Gomez,0PQ8MsAxETdEW3LigpDujI,Cruella De Vil - Original Version,['Selena Gomez']
"""Play My Music"" (CD single)",Jonas Brothers,5MTQbjkMmE6WsDQ8JlyEVo,Play My Music,['Jonas Brothers']
"""The Time of My Life"" (CD single)",David Cook,6avyV3xlz2UFeiAUZ0SqyT,The Time of My Life,['David Cook']
"""Cheetah Love"" (CD single)",The Cheetah Girls,2bfGwW35pcxYvTbugPFyIn,Cheetah Love - Soundtrack,['The Cheetah Girls']
"""Live Like There's No Tomorrow"" (CD single)",Selena Gomez,5SiH2PRbrf0FG71IkP7SNe,Live Like There's No Tomorrow,['Selena Gomez & The Scene']
"""Happy"" (CD Single)",Pharrell,60nZcImufyMA1MKQY3dcCH,"Happy - From ""Despicable Me 2""",['Pharrell Williams']
"""Everything Is AWESOME!!! (feat. The Lonely Island)"" (CD Single)",Tegan and Sara,58vnVBWfKWIjSVvKTZJly2,Everything Is AWESOME!!! (feat. The Lonely Island),"['Tegan and Sara', 'The Lonely Island']"
"""What Time Is It?"" (CD single)",Various Artists,4asv9A1lDbr4UBBNohfqSN,What Time Is It? - Never Get Caught...,['Various Artists']
"""Now or Never"" (CD single)",Various Artists,5RrwYYJuksEzOvhEX4jFS7,Now or Never,"['Various Artists', 'Pressure']"
"""One Time"" (CD Single)",Justin Bieber,6eDApnV9Jdb1nYahOlbbUh,One Time,['Justin Bieber']
"""Love Me"" (CD single)",Justin Bieber,7GRYebvpdR7Fen7pdc8UKz,Love Me,['Justin Bieber']
"""Favorite Girl"" (CD single)",Justin Bieber,4nTjkWK590oBDcnIxTr1mI,Favorite Girl,['Justin Bieber']
"""Baby"" (CD single)",Justin Bieber,2R2fF50UU19DCTY6Qh387j,Baby,"['Justin Bieber', 'Ludacris']"
"""U Smile"" (CD single)",Justin Bieber,6Xw2FLih8m5ItDbyP992HH,U Smile,['Justin Bieber']
"""Eenie Meenie"" (CD single)",Sean Kingston and Justin Bieber,45O0tUN9Bh6LH4eNxQ07AT,Eenie Meenie,['Sean Kingston']
"""Somebody to Love"" (CD single)",Justin Bieber,3rLIv187BhjyweFe89SgLn,Somebody To Love,['Justin Bieber']
"""Pray"" (CD single)",Justin Bieber,3O5zp6tOdGFWi0NdzC0frI,Pray,['Justin Bieber']
"""Never Say Never"" (CD single)","Jaden Smith, Justin Bieber",5GYbkDveRD2I8M5ZJ14hWn,Never Say Never,"['Justin Bieber', 'Jaden']"
"""Who Says"" (CD Single)",Selena Gomez,3TcL0dyCMyr0kyTTc4NLgI,Who Says,['Selena Gomez & The Scene']
"""Friday"" (CD Single)",Rebecca Black,4fK6E2UywZTJIa5kWnCD6x,Friday,['Rebecca Black']
"""Love You Like a Love Song"" (CD Single)",Selena Gomez,0laYHRpNTS6i8FXdupHkJ4,Love You Like A Love Song,['Selena Gomez & The Scene']
"""Advice"" (CD Single)",Christina Grimmie,0cgTeA0QNewEi9lKDqDDjh,Advice,['Christina Grimmie']
"""If I Ruled the World"" (CD Single)",Big Time Rush,4XIdxJBiWXUaQiJY5hlSIx,If I Ruled the World (feat. Iyaz),"['Big Time Rush', 'Iyaz']"
"""Mistletoe"" (CD Single)",Justin Bieber,7xapw9Oy21WpfEcib2ErSA,Mistletoe,['Justin Bieber']
"""The Christmas Song"" (CD Single)","Justin Bieber, Usher",3eYnKe0LhQA1B5HEkQaRTP,The Christmas Song (Chestnuts Roasting On An Open Fire),"['Justin Bieber', 'Usher']"
"""Hit the Lights"" (CD Single)",Selena Gomez,6ciLLh4TkPYDUfNxn2Z0KO,Hit The Lights,['Selena Gomez & The Scene']
"""TTYLXOX"" (CD Single)",Bella Thorne,1nIDYHvLaZnD5lEf66SH80,TTYLXOX,['Bella Thorne']
"""Something to Dance For"" (CD Single)",Zendaya,0WcBvAA59kSYFHeqy0fpZp,Something To Dance For,['Zendaya']
"""Boyfriend"" (CD Single)",Justin Bieber,3UGIZ8qcrMTwzLbx6Kttqt,Boyfriend,['Justin Bieber']
"""All Around the World"" (CD Single)","Justin Bieber, Ludacris",1Mg8vLBYwizu7AuhYQO64V,All Around The World,"['Justin Bieber', 'Ludacris']"
"""As Long as You Love Me"" (CD Single)","Big Sean, Justin Bieber",0pwYLVXVknPSGUQb39cePC,As Long As You Love Me,"['Justin Bieber', 'Big Sean']"
"""Windows Down"" (CD Single)",Big Time Rush,3oLXQgbcC34Oo4gFHCeTmi,Windows Down,['Big Time Rush']
"""The Party Starts Now"" (CD Single)",DJ Cadence,4y0gb9ArqZ1Dzy23HoAaAW,"The Party Starts Now (From ""Club Penguin"")",['Cadence']
"""When Can I See You Again?"" (CD Single)",Owl City,5ZkAx8zjLiSs1nMmBwJoZS,"When Can I See You Again? - From ""Wreck-It Ralph""/Soundtrack Version",['Owl City']
"""Holla at the DJ"" (CD Single)",Coco Jones,5kzBvpI1nbj4zq7zjDO800,Holla at the DJ,['Coco Jones']
"""Ooh La La"" (CD Single)",Britney Spears,7bpvfjoneSQvW0tbtVm1Jk,"Ooh La La (from ""The Smurfs 2"")",['Britney Spears']
"""What About Love"" (CD Single)",Austin Mahone,52vS7mJ0a70Z4uRCfl8SjH,What About Love,['Austin Mahone']
"""The Fox"" (CD Single)",Ylvis,5HOpkTTVcmZHnthgyxrIL8,The Fox (What Does the Fox Say?),['Ylvis']
"""Heartbreaker"" (CD Single)",Justin Bieber,21pCToQdqcPi879auxjxKe,Heartbreaker,['Justin Bieber']
"""Cannonball"" (CD Single)",Lea Michele,0nSr7aFZlWoM4hULnAGTdx,Cannonball,['Lea Michele']
"""I Don't Want to Go to School"" (CD single)",The Naked Brothers Band,2Gd5WS1Pv1dOEof622GqgW,I Don't Want To Go To School,['The Naked Brothers Band']
"""Early Winter"" (CD Single)",Gwen Stefani,1iHVwGKN7PKwIrj4X0erON,Early Winter,['Gwen Stefani']
"""Dance Like There's No Tomorrow"" (CD single)",Paula Abdul,7v2Jv1X3D3q2uZuENKMhYh,Dance Like There's No Tomorrow,['Paula Abdul']
"""Hollywood's Not America"" (CD single)",Ferras,5wizvr1JlRR3XWmKkOmEtV,Hollywood's Not America - Matrix Version,['Ferras']
"""Outta My Head"" (CD single)",Ashlee Simpson,4ksp94OpWgYOFgF7lH1GwU,Outta My Head (Ay Ya Ya) - New Edit,['Ashlee Simpson']
"""If That's Not Love"" (CD single)",The Naked Brothers Band,75hGPTpejfWQM8zDW9d9U8,If That's Not Love,['The Naked Brothers Band']
"""Full Circle"" (CD single)",Miley Cyrus,3apgFxCTx6xgpkHtmYn1HH,Full Circle,['Miley Cyrus']
"""7 Things"" (CD single)",Miley Cyrus,5ecZWU5uQOiCVSnPxBZNmT,7 Things - Single Version,['Miley Cyrus']
"""This Is Home"" (CD single)",Switchfoot,0jRuKrn7OOzriNlwFZAQco,This Is Home,['Switchfoot']
"""A Little Bit Longer"" (CD single)",Jonas Brothers,1C9CSFviMwp3kyZHmV09ed,A Little Bit Longer,['Jonas Brothers']
"""Paranoid"" (CD single)",Jonas Brothers,6mDpUEYNqfdDQ0OWfjLIhX,Paranoid,['Jonas Brothers']
"""Alice"" (CD single)",Avril Lavigne,4gLVsEaNMpzkCAM0hXgDoi,Alice - Extended Version,['Avril Lavigne']
"""When I Look at You"" (CD single)",Miley Cyrus,7ywzEdEuVG1lsjsRCGJfLy,When I Look At You,['Miley Cyrus']
"""Falling Down"" (CD single)",Selena Gomez,6PAL3nzEgroNOMurJAjpFX,Falling Down,['Selena Gomez & The Scene']
"""Live Like We're Dying"" (CD single)",Kris Allen,1HfxPaJggVwFsvOtHbVzMz,Live Like We're Dying,['Kris Allen']
"""Naturally"" (CD single)",Selena Gomez,1YaVmBh7EAeR54FIjuFcb5,Naturally,['Selena Gomez & The Scene']
"""We Are the World"" (CD single)",Various Artists,1m9C0PZDLb6jIubmBw49i8,We Are the World,['Various Artists']
"""You and Your Heart"" (CD single)",Jack Johnson,3daDd8yhWLgeWyCeZp9eIj,You And Your Heart,['Jack Johnson']
"""Just the Way You Are"" (CD Single)",Bruno Mars,7BqBn9nzAq8spo5e7cZ0dJ,Just the Way You Are,['Bruno Mars']
"""The Boys of Fall"" (CD single)",Kenny Chesney,2Y48Q7HryWdPJZypJotjlJ,The Boys of Fall,['Kenny Chesney']
"""Whip My Hair"" (CD Single)",Willow Smith,4Dio1t8RHzLv1nfPJTSZyP,Whip My Hair,['WILLOW']
"""Firework"" (CD single)",Katy Perry,1rrte0yYY5zKRmrBNSiZ7Q,Firework,['Katy Perry']
"""Boyfriend"" (CD single)",Big Time Rush,1rKBOL9kJfX1Y4C3QaOvRH,Boyfriend,['Big Time Rush']
"""Price Tag"" (CD Single)","B.o.B., Jessie J",5mvKuE9Lf9ARVXVXA32kK9,Price Tag,"['Jessie J', 'B.o.B']"
"""That Should Be Me"" (CD Single)","Justin Bieber, Rascal Flatts",42wmRq3kfUUuyszlkWQbPS,That Should Be Me,"['Justin Bieber', 'Rascal Flatts']"
"""I Love You This Big"" (CD Single)",Scotty McCreery,3wtKovRRtvu6wbTjeKA26Q,I Love You This Big,['Scotty McCreery']
"""Like My Mother Does"" (CD Single)",Lauren Alaina,7t8oQycrEftd8NuWdCcfQb,Like My Mother Does,['Lauren Alaina']
"""Out of Summertime"" (CD Single)",Scotty McCreery,5jja2VUQ57BRR9mRaZ5sOD,Out Of Summertime,['Scotty McCreery']
"""See No More"" (CD Single)",Joe Jonas,1j6OxgH4ZLKY2bIJ9k0RHz,See No More,['Joe Jonas']
"""Just in Love"" (CD Single)",Joe Jonas,61bI9JHBji9VYBqQL9Migt,Just In Love,['Joe Jonas']
"""What Makes You Beautiful"" (CD Single)",One Direction,4cluDES4hQEUhmXj6TXkSo,What Makes You Beautiful,['One Direction']
"""One Thing"" (CD Single)",One Direction,5G2c6FsfTzgYUzageCmfXY,One Thing,['One Direction']
"""Home"" (CD single)",Phillip Phillips,4rsW3WCZBGwhHfJWuHRwyT,Home,['Phillip Phillips']
"""Survival"" (CD Single)",Muse,2IFqUmfW8oQoKn6ToxKsMs,Survival,['Muse']
"""Settle Down"" (CD single)",No Doubt,2l8GVqxJbVOBfYNSkwn5xA,Settle Down,['No Doubt']
"""Ready or Not"" (CD Single)",Bridgit Mendler,5xvUgoVED1F4mBu8FL0HaW,Ready or Not,['Bridgit Mendler']
"""It's Thanksgiving"" (CD Single)",Nicole Westbrook,4lJAkP4hBiqwW78EuXwFqr,It's Thanksgiving,['Nicole Westbrook']
"""Hall of Fame"" (CD Single)","The Script, will.i.am",1X1DWw2pcNZ8zSub3uhlNz,Hall of Fame (feat. will.i.am),"['The Script', 'will.i.am']"
"""One Way or Another (Teenage Kicks)"" (CD Single)",One Direction,3jZomvOBa5qfTo5HkqI1p5,One Way or Another (Teenage Kicks),['One Direction']
"""Safe And Sound"" (CD Single)",Capital Cities,6Z8R6UsFuGXGtiIxiD8ISb,Safe And Sound,['Capital Cities']
"""Roar"" (CD Single)",Katy Perry,1NJBZj6Gf3QgcTE5Dym0Dl,Roar,['Katy Perry']
"""Baby I"" (CD Single)",Ariana Grande,6NmCCgnQcxKHPOAKgd9Nth,Baby I,['Ariana Grande']
"""Best Song Ever"" (CD Single)",One Direction,5T7ZFtCcOgkpjxcuaeZbw0,Best Song Ever,['One Direction']
"""Recovery"" (CD Single)",Justin Bieber,6pFqCPdvm6C9IHbJrEu8aG,Recovery,['Justin Bieber']
"""Story of My Life"" (CD Single)",One Direction,4nVBt6MZDDP6tRVdQTgxJg,Story of My Life,['One Direction']
"""Burn"" (CD Single)",Ellie Goulding,0xMd5bcWTbyXS7wPrBtZA6,Burn,['Ellie Goulding']
"""Hey Brother"" (CD Single)",Avicii,4lhqb6JvbHId48OUJGwymk,Hey Brother,['Avicii']
"""Calling All the Monsters"" (CD Single)",China Anne McClain,0QTUoI90fBFdKkd4h8fsOu,Calling All the Monsters,['China Anne McClain']
"""One and the Same"" (CD single)","Demi Lovato, Selena Gomez",1QkJBQnCv81ef7gyWMDL3Q,"One and the Same - From ""Princess Protection Program""","['Selena Gomez', 'Demi Lovato']"
"""Tattoo"" (CD single)",Jordin Sparks,3Ui2jdyxbZQrZohfM0NOgG,Tattoo,['Jordin Sparks']
"""Burnin' Up"" (CD single)",Jonas Brothers,2VEsmoek0sol9MnJFyoG9e,Burnin' Up,['Jonas Brothers']
"""Pushin' Me Away"" (CD single)",Jonas Brothers,6IxbD3Vdv7AIYC11ABftOW,Pushin' Me Away,['Jonas Brothers']
"""Tonight"" (CD single)",Jonas Brothers,7xZa00kpFR3r7UqeczbVPE,Tonight,['Jonas Brothers']
"""Follow My Lead"" (CD single)",Justin Timberlake,61FWdZEfFAEj5fQ3Xor6Pr,Follow My Lead (feat. Esmee Denters),"['Justin Timberlake', 'Esmée Denters']"
"""The Climb"" (CD single)",Miley Cyrus,0V8FYVlBFuXXTIvRnMbZyS,The Climb,['Miley Cyrus']
"""A Little Too Not Over You"" (CD single)",David Archuleta,10QsFPJ3owUxJKe0fzA1A2,A Little Too Not Over You,['David Archuleta']
"""Hey"" (CD single)",Mitchel Musso,7zKObGlclVsHMwOG0Q3wYO,Hey,['Mitchel Musso']
"""This Is It"" (CD single)",Michael Jackson,5XaOvJcyNBNXRohL3eB9dL,This Is It,['Michael Jackson']
"""Hold My Hand"" (CD single)","Akon, Michael Jackson",0pCyoA5o2uxUwIovECCziF,Hold My Hand (with Akon),"['Michael Jackson', 'Akon']"
"""Beggin' on Your Knees"" (CD Single)",Victoria Justice,116kG9vvdUtoprjYtToONt,Beggin' On Your Knees (feat. Victoria Justice),"['Victorious Cast', 'Victoria Justice']"
"""Best Friend's Brother"" (CD Single)",Victoria Justice,5ilbsx6qkdgTZLptWIvXEV,Best Friend's Brother (feat. Victoria Justice),"['Victorious Cast', 'Victoria Justice']"
"""This Time"" (CD Single)",Pia Toscano,015u66hoqqhwIPyKGGFItg,This Time,['Pia Toscano']
"""Stereo Hearts"" (CD Single)",Gym Class Heroes,0qOnSQQF0yzuPWsXrQ9paz,Stereo Hearts (feat. Adam Levine),"['Gym Class Heroes', 'Adam Levine']"
"""We Found Love"" (CD Single)",Rihanna,6qn9YLKt13AGvpq9jfO8py,We Found Love,"['Rihanna', 'Calvin Harris']"
"""Die in Your Arms"" (CD Single)",Justin Bieber,23taOWrpWaAtU8rVN7hiNu,Die In Your Arms,['Justin Bieber']
"""Fashion Is My Kryptonite"" (CD Single)","Bella Thorne, Zendaya",7H9vfjM5tu6TX2ClilT3u7,"Fashion Is My Kryptonite (from ""Shake It Up: Made In Japan"")","['Bella Thorne', 'Zendaya']"
"""Nothing Like Us"" (CD Single)",Justin Bieber,30Co9eN7JHPf1i2wEyVSMJ,Nothing Like Us,['Justin Bieber']
"""Atlas"" (CD Single)",Coldplay,2DI0fZ4QZmLtapszYaoG6F,Atlas - From “The Hunger Games: Catching Fire” Soundtrack,['Coldplay']
"""Let Her Go"" (CD Single)",Passenger,0JmiBCpWc1IAc0et7Xm7FL,Let Her Go,['Passenger']
"""Pompeii"" (CD single)",Bastille,3gbBpTdY8lnQwqxNCcf795,Pompeii,['Bastille']
"""Best Day of My Life"" (CD Single)",American Authors,5Hroj5K7vLpIG4FNCRIjbP,Best Day Of My Life,['American Authors']
"""Magic"" (CD Single)",Coldplay,23khhseCLQqVMCIT1WMAns,Magic,['Coldplay']
"""Am I Wrong"" (CD single)",Nico & Vinz,1fidCEsYlaVE3pHwKCvpFZ,Am I Wrong,['Nico & Vinz']
"""Skyscraper"" (CD Single)",Demi Lovato,4B3RmT3cGvh8By3WY9pbIx,Skyscraper,['Demi Lovato']
"""Get Back"" (CD single)",Demi Lovato,5rnLFnHktBdmpxwYXJXyQI,Get Back,['Demi Lovato']
"""If This Was a Movie"" (CD Single)",Taylor Swift,0vvt4IZOMkRug195S4MUq0,If This Was A Movie,['Taylor Swift']
"""A Thousand Years"" (CD Single)",Christina Perri,6lanRgr6wXibZr8KgzXxBl,A Thousand Years,['Christina Perri']
"""Wanted"" (CD Single)",Hunter Hayes,0p1BcEcYVO3uk4KDf3gzkY,Wanted,['Hunter Hayes']
"""Spotlight"" (CD single)",Jennifer Hudson,02QQXgeAghpU4smdM7l7We,Spotlight,['Jennifer Hudson']
"""Break Anotha"" (CD Single)",Blake Lewis,7rFbWJk8Mv7BDsF1vsBbQR,Break Anotha,['Blake Lewis']
"""Baby Love"" (CD single)",Nicole Scherzinger,2WbNseWdEP4P90MmnPvGdR,Baby Love,"['Nicole Scherzinger', 'will.i.am']"
"""Summertime"" (CD single)",New Kids on the Block,6WZ7g8fpIXkf1ySWn3GA5O,Summertime,['New Kids On The Block']
"""Until the End of Time"" (CD Single)","Beyonce Knowles, Justin Timberlake",2wZTnl0pPFr3HBcyXfOaVJ,Until The End Of Time (with Beyoncé),"['Justin Timberlake', 'Beyoncé']"
"""Come on Over"" (CD Single)",Jessica Simpson,4Z4HrH47UW6Vc4s76hAsSL,Come on Over,['Jessica Simpson']
"""Got Me Going"" (CD single)",Day26,6Qqp1NCiy8Ps6EtOL1yjeb,Got Me Going,['DAY26']
"""Damaged"" (CD single)",Danity Kane,4yHFxB8kzzeuNvoouR8N0N,Damaged,['Danity Kane']
"""Mercy"" (CD single)",Duffy,78twQ5XCFJMTE37ZSU0gsj,Mercy,['Duffy']
"""Bossy"" (CD single)",Lindsay Lohan,0EuXDZQb87zooG5IPNpl18,Bossy - Main Version Clean,['Lindsay Lohan']
"""No Air"" (CD single)","Chris Brown, Jordin Sparks",1jUA4rb6ZCv4gby4YU53xq,No Air (feat. Chris Brown),"['Jordin Sparks', 'Chris Brown']"
"""Headlines (Friendship Never Ends)"" (CD single)",Spice Girls,4ll3zqElfObKDVSIitAIga,Headlines (Friendship Never Ends) - Radio Version,['Spice Girls']
"""Crush"" (CD single)",David Archuleta,4wCD0qOFNRu1Q6O3N6ycm4,Crush,['David Archuleta']
"""Goodbye"" (CD single)",Kristinia DeBarge,5myYDbAurm1CW038qd4gL2,Goodbye,['Kristinia DeBarge']
"""Fireflies"" (CD single)",Owl City,3DamFFqW32WihKkTVlwTYQ,Fireflies,['Owl City']
"""Something Like a Party"" (CD single)",School Gyrls,4eK6USiH1iymBHWevSZtkH,Something Like A Party,['School Gyrls']
"""Cowboy Casanova"" (CD single)",Carrie Underwood,6OqdF0vHI9xkqswI7EK0cD,Cowboy Casanova,['Carrie Underwood']
"""Today Was a Fairytale"" (CD single)",Taylor Swift,2JoJrsEV15OzbijS47lids,Today Was A Fairytale (Taylor’s Version),['Taylor Swift']
"""Stylo"" (CD single)",Gorillaz,6LUfuyLgvgqrykiTE6sJHY,Stylo (feat. Mos Def and Bobby Womack),"['Gorillaz', 'Bobby Womack', 'Mos Def']"
"""Pants on the Ground"" (CD single)",General Larry Platt,2aYguRih2pKaKXiW7UFrbA,Pants On The Ground,['General Larry Platt']
"""Acapella"" (CD single)",Kelis,70ftmiU08HpSHxPD2dTnnh,Acapella,['Kelis']
"""This Too Shall Pass"" (CD single)",OK Go,3l9eeEd5NABrvYRzXIVqwK,This Too Shall Pass,['OK Go']
"""Kissin U"" (CD single)",Miranda Cosgrove,3pt4BDnaMo2vznoVSv7b2y,Kissin U,['Miranda Cosgrove']
"""Beautiful Day"" (CD single)",Lee DeWyze,2uLNwZvdN7lOvlqT9ebjkB,Beautiful Day,['Lee DeWyze']
"""Undo It"" (CD single)",Carrie Underwood,1Fo2N5iXRi37maMboaig7O,Undo It,['Carrie Underwood']
"""Stuck Like Glue"" (CD single)",Sugarland,0JcKdUGNR7zI4jJDLyYXbi,Stuck Like Glue,['Sugarland']
"""A Year Without Rain"" (CD single)",Selena Gomez,1r0XfrhdG6bsiS4oe1QM96,A Year Without Rain,['Selena Gomez & The Scene']
"""Shakespeare"" (CD Single)",Miranda Cosgrove,2IwkPDzxR0aQ8qM4odZvtn,Shakespeare,['Miranda Cosgrove']
"""Higher"" (CD single)","Taio Cruz, Travie McCoy",1gNAEzINjeXnQ6Yy2kADe1,Higher,"['Taio Cruz', 'Travie McCoy']"
"""Rocketeer"" (CD single)",Far East Movement,45sDIKapDyxPl307QpEAwl,Rocketeer,"['Far East Movement', 'Ryan Tedder', 'Ruff Loaderz']"
"""Marry Me"" (CD single)",Train,2MWOqewf5j0qf2b6S5J6cS,Marry Me,['Train']
"""Alligator Sky"" (CD Single)",Owl City,4c3mIWKKMbGJlZukdMTBvB,Alligator Sky,"['Owl City', 'Shawn Chrystopher']"
"""Honey Bee"" (CD Single)",Blake Shelton,0gY2iq0xJPRoIB1PScKSw4,Honey Bee,['Blake Shelton']
"""Country Girl (Shake It for Me)"" (CD Single)",Luke Bryan,0yD66650JxhqKbW76C2qCo,Country Girl (Shake It For Me),['Luke Bryan']
"""Give a Little"" (CD Single)",Hanson,6ZkwATX0rlT8x3Zn6HSPP6,Give a Little,['Hanson']
"""Every Teardrop Is a Waterfall"" (CD Single)",Coldplay,2U8g9wVcUu9wsg6i7sFSv8,Every Teardrop Is a Waterfall,['Coldplay']
"""Bang Bang Bang"" (CD Single)",Selena Gomez,1P5RYVvxPVrzonLqAC8uxk,Bang Bang Bang,['Selena Gomez & The Scene']
"""You Make Me Feel"" (CD Single)",Cobra Starship,16Of7eeW44kt0a1M0nitHM,You Make Me Feel... (feat. Sabi),"['Cobra Starship', 'Sabi']"
"""Mr. Know It All"" (CD Single)",Kelly Clarkson,7uRznL3LcuazKpwCTpDltz,Mr. Know It All,['Kelly Clarkson']
"""Paradise"" (CD Single)",Coldplay,6nek1Nin9q48AVZcWs9e9D,Paradise,['Coldplay']
"""Gonna Get Over You"" (CD Single)",Sara Bareilles,45ou2UBThJA4WtFGIiYLI3,Gonna Get Over You,['Sara Bareilles']
"""Ours"" (CD Single)",Taylor Swift,1EQn3Uc5AyUXoiPLeyCrrg,Ours,['Taylor Swift']
"""Safe & Sound"" (CD Single)",Taylor Swift,0z9UVN8VBHJ9HdfYsOuuNf,Safe & Sound - from The Hunger Games Soundtrack,"['Taylor Swift', 'The Civil Wars']"
"""I Won't Give Up"" (CD Single)",Jason Mraz,53QF56cjZA9RTuuMZDrSA6,I Won't Give Up,['Jason Mraz']
"""Not Over You"" (CD Single)",Gavin DeGraw,6j7hih15xG2cdYwIJnQXsq,Not Over You,['Gavin DeGraw']
"""Gold on the Ceiling"" (CD Single)",The Black Keys,5lN1EH25gdiqT1SFALMAq1,Gold on the Ceiling,['The Black Keys']
"""Part of Me"" (CD Single)",Katy Perry,6yARPLK0PV4heEyh7pVMGz,Part Of Me,['Katy Perry']
"""Call Me Maybe"" (CD Single)",Carly Rae Jepsen,3TGRqZ0a2l1LRblBkJoaDx,Call Me Maybe,['Carly Rae Jepsen']
"""Drive By"" (CD Single)",Train,0KAiuUOrLTIkzkpfpn9jb9,Drive By,['Train']
"""Eyes Open"" (CD Single)",Taylor Swift,7wjbSn8QHsxqKXU5M0jXGM,Eyes Open,['Taylor Swift']
"""Feel So Close"" (CD Single)",Calvin Harris,1gihuPhrLraKYrJMAEONyc,Feel So Close - Radio Edit,['Calvin Harris']
"""Back in Time"" (CD Single)",Pitbull,3eQlGeyuSibgAGPEJugaDW,"Back in Time - featured in ""Men In Black 3""",['Pitbull']
"""Both of Us"" (CD Single)","B.o.B., Taylor Swift",3r9bgSJlJz2zlevcBRYXko,Both of Us (feat. Taylor Swift),"['B.o.B', 'Taylor Swift']"
"""Big Hoops (Bigger the Better)"" (CD Single)",Nelly Furtado,6DhLWSl0bmBAyDp0bODTop,Big Hoops (Bigger The Better),['Nelly Furtado']
"""Too Close"" (CD Single)",Alex Clare,4sK96UnGx3NjBaqvfTG2dm,Too Close,['Alex Clare']
"""Springsteen"" (CD Single)",Eric Church,05ZACkzW8YbRq3eFgIfSNB,Springsteen,['Eric Church']
"""Lights"" (CD Single)",Ellie Goulding,7gUpO6td4OOnu0Lf9vhcIV,Lights - Single Version,['Ellie Goulding']
"""Wide Awake"" (CD Single)",Katy Perry,5JLv62qFIS1DR3zGEcApRt,Wide Awake,['Katy Perry']
"""The Fighter"" (CD Single)",Gym Class Heroes,77ZdAoTHYoF6Umo76HFD4m,The Fighter (feat. Ryan Tedder),['Gym Class Heroes']
"""Good Time"" (CD Single)","Carly Rae Jepsen, Owl City",1kPpge9JDLpcj15qgrPbYX,Good Time,"['Owl City', 'Carly Rae Jepsen']"
"""Take a Little Ride"" (CD Single)",Jason Aldean,2o5mwv7hvas1jdUg14Nihv,Take A Little Ride,['Jason Aldean']
"""Chasing the Sun"" (CD Single)",The Wanted,4b4c0oH7PtrPsI86drzgFs,Chasing The Sun,['The Wanted']
"""Turn up the Radio"" (CD Single)",Madonna,68o8UWzJ8MbYoaFvExaPfl,Turn Up the Radio,['Madonna']
"""Goin' In"" (CD Single)",Jennifer Lopez,3FcuEYORBT54KSVDRhr4zC,Goin' In,"['Jennifer Lopez', 'Flo Rida']"
"""We Are Never Ever Getting Back Together"" (CD Single)",Taylor Swift,56pS4QDQpmAlaU0o8APZmU,We Are Never Ever Getting Back Together,['Taylor Swift']
"""I Will Wait"" (CD Single)",Mumford & Sons,0hm8rgOY17z7kQJlqGKbu7,I Will Wait,['Mumford & Sons']
"""Fast Car"" (CD Single)",Taio Cruz,6aj2PLLML1AF6Ja9tfULCk,Fast Car,['Taio Cruz']
"""Girl on Fire"" (CD Single)",Alicia Keys,4esOae7i4rqTbAu9o5Pxco,Girl on Fire,['Alicia Keys']
"""Between the Raindrops"" (CD Single)",Lifehouse,1nxGSNnFCpDLwm3umCOUpi,Between The Raindrops,"['Lifehouse', 'Natasha Bedingfield']"
"""Ronan"" (CD Single)",Taylor Swift,7nWui6jiMM2m9qFmET1Mtj,Ronan (Taylor's Version),['Taylor Swift']
"""Ho Hey"" (CD Single)",The Lumineers,0W4Kpfp1w2xkY3PrV714B7,Ho Hey,['The Lumineers']
"""This Kiss"" (CD Single)",Carly Rae Jepsen,7cWLl1E5iMvqIVhpmtUp6k,This Kiss,['Carly Rae Jepsen']
"""Begin Again"" (CD Single)",Taylor Swift,05GsNucq8Bngd9fnd4fRa0,Begin Again (Taylor's Version),['Taylor Swift']
"""Live While We're Young"" (CD Single)",One Direction,6Vh03bkEfXqekWp7Y1UBRb,Live While We're Young,['One Direction']
"""Red"" (CD Single)",Taylor Swift,4OAuvHryIVv4kMDNSLuPt6,Red (Taylor's Version),['Taylor Swift']
"""I Knew You Were Trouble"" (CD Single)",Taylor Swift,6AtZLIzUINvExIUy4QhdjP,I Knew You Were Trouble (Taylor's Version),['Taylor Swift']
"""State of Grace"" (CD Single)",Taylor Swift,6lzc0Al0zfZOIFsFvBS1ki,State Of Grace (Taylor's Version),['Taylor Swift']
"""Catch My Breath"" (CD Single)",Kelly Clarkson,5qxPabNDnJQ551Tf4v6k3j,Catch My Breath,['Kelly Clarkson']
"""Sweet Nothing"" (CD Single)","Calvin Harris, Florence Welch",24LS4lQShWyixJ0ZrJXfJ5,Sweet Nothing (feat. Florence Welch),"['Calvin Harris', 'Florence Welch']"
"""Cruise"" (CD Single)",Florida Georgia Line,0i5el041vd6nxrGEU8QRxy,Cruise,['Florida Georgia Line']
"""I Found You"" (CD Single)",The Wanted,1CRY4X2b8X7X10EUdPUutw,I Found You,['The Wanted']
"""Try"" (CD Single)",Pink,6yL8vmNnWrD1VdcV5VhXTt,Try Again,['Pink ToniQ']
"""Kiss You"" (CD Single)",One Direction,4My8w8AA1JpG6E5SiAPvJL,Kiss You,['One Direction']
"""Daylight"" (CD Single)",Maroon 5,6TwfdLbaxTKzQi3AgsZNzx,Daylight,['Maroon 5']
"""When I Was Your Man"" (CD Single)",Bruno Mars,0nJW01T7XtvILxQgC5J7Wh,When I Was Your Man,['Bruno Mars']
"""Harlem Shake"" (CD Single)",Baauer,01XFgRZfZI7oBagNf1Loml,Harlem Shake,['Baauer']
"""Little Talks"" (CD Single)",Of Monsters And Men,2ihCaVdNZmnHZWt0fvAM7B,Little Talks,['Of Monsters and Men']
"""Feel This Moment (feat. Christina Aguilera)"" (CD Single)",Pitbull,0Hf4aIJpsN4Os2f0y0VqWl,Feel This Moment (feat. Christina Aguilera),"['Pitbull', 'Christina Aguilera']"
"""Mirrors"" (CD Single)",Justin Timberlake,4rHZZAmHpZrA3iH5zx8frV,Mirrors,['Justin Timberlake']
"""Just Give Me a Reason"" (CD Single)",Pink,1SoXUDpHcBAJLFL6XIxlwo,Just Give Me a Reason - Dance Remix,['Pinkdance']
"""22"" (CD Single)",Taylor Swift,3yII7UwgLF6K5zW3xad3MP,22 (Taylor's Version),['Taylor Swift']
"""#thatPower"" (CD Single)",will.i.am,01TuObJVd7owWchVRuQbQw,#thatPOWER,"['will.i.am', 'Justin Bieber']"
"""Pom Poms"" (CD Single)",Jonas Brothers,4ZtnkM504iN0eeCLfGew2W,Pom Poms,['Jonas Brothers']
"""Come & Get It"" (CD Single)",Selena Gomez,68TY8JyyPOanr9pLoiEIzG,Come & Get It,['Selena Gomez']
"""Wagon Wheel"" (CD Single)",Darius Rucker,3xdjjKMcMOFgo1eQrfbogM,Wagon Wheel,['Darius Rucker']
"""Cups"" (CD Single)",Anna Kendrick,6mH3qVIeOsnQIAho5eWwhH,Cups (Pitch Perfect’s “When I’m Gone”) - Pop Version,['Anna Kendrick']
"""Clouds"" (CD Single)",Zach Sobiech,1ad6CbExeZneBGswe5YuSD,Clouds,['Zach Sobiech']
"""Everything Has Changed (feat. Ed Sheeran)"" (CD Single)","Ed Sheeran, Taylor Swift",7qEUFOVcxRI19tbT68JcYK,Everything Has Changed (feat. Ed Sheeran) (Taylor’s Version),"['Taylor Swift', 'Ed Sheeran']"
"""Paper Doll"" (CD Single)",John Mayer,5FDh0G5oQ2UD9JxWiDCT1x,Paper Doll,['John Mayer']
"""Treasure"" (CD Single)",Bruno Mars,1Q7Dv37oDgVMPmKAU0BiOS,Treasure,['Bruno Mars']
"""I Want Crazy"" (CD Single)",Hunter Hayes,4FkgULes13bk2eHrsJg4q9,I Want Crazy - Encore,['Hunter Hayes']
"""Clarity (feat. Foxes)"" (CD Single)",Zedd,4jIQ0wouzKHbi1fYHORIN0,Clarity (feat. Foxes) - Tiësto Remix,"['Zedd', 'Foxes']"
"""Wake Me Up"" (CD Single)",Avicii,0nrRP2bk19rLc0orkWPQk2,Wake Me Up,['Avicii']
"""Team"" (CD single)",Lorde,3G6hD9B2ZHOsgf4WfNu7X1,Team,['Lorde']
"""The Man"" (CD Single)",Aloe Blacc,2stPxcgjdSImK7Gizl8ZUN,The Man,['Aloe Blacc']
"""Ordinary Love"" (CD Single)",U2,5K8cyMKcnG4rx5ocW3u7OW,Ordinary Love - Extraordinary Mix,['U2']
"""Summer"" (CD single)",Calvin Harris,6YUTL4dYpB9xZO5qExPf05,Summer,['Calvin Harris']
"""Break Free (feat. Zedd)"" (CD single)",Ariana Grande,1AKT3bJ8YNO2QIE6sORpOi,Break Free (feat. Zedd),"['Ariana Grande', 'Zedd']"
"""Rude"" (CD single)",Magic!,6RtPijgfPKROxEzTHNRiDp,Rude,['MAGIC!']
"""Love Runs Out"" (CD single)",OneRepublic,5BJSZocnCeSNeYMj3iVqM7,Love Runs Out,['OneRepublic']
"""Heart Attack"" (CD Single)",Demi Lovato,1V6gIisPpYqgFeWbMLI0bA,Heart Attack,['Demi Lovato']
"""Give Your Heart a Break"" (CD Single)",Demi Lovato,3sP3c86WFjOzHHnbhhZcLA,Give Your Heart a Break,['Demi Lovato']
"""We Might Be Dead by Tomorrow"" (CD single)",Soko,4miKDdaWW78mKwx6TIvOa0,We Might Be Dead by Tomorrow,['Soko']
"""Take You There"" (CD single)",Donnie Klang,49sIaD9e0BZqYv8XjcGT6r,Take You There (feat. P. Diddy),"['Donnie Klang', 'Diddy']"
"""15 Minutes of Shame"" (CD single)",Kristy Lee Cook,1BElVaKN251cbheibKyXW5,15 Minutes Of Shame,['Kristy Lee Cook']
"""It's Alright, It's OK"" (CD single)",Ashley Tisdale,1bYtKF2sY2wLU6xdVaqIqD,"It's Alright, It's OK",['Ashley Tisdale']
"""No Surprise"" (CD single)",Daughtry,6q4XLE5WeOBWftoc9gTl2P,No Surprise,['Daughtry']
"""Fire Burning"" (CD single)",Sean Kingston,2oENJa1T33GJ0w8dC167G4,Fire Burning,['Sean Kingston']
"""The One"" (CD single)",Mary J. Blige,3h3GCDFiFOdLu3aKGF48tU,The One - Main,"['Mary J. Blige', 'Drake']"
"""Party in the U.S.A."" (CD single)",Miley Cyrus,5Q0Nhxo0l2bP3pNjpGJwV1,Party In The U.S.A.,['Miley Cyrus']
"""Down"" (CD single)",Jay Sean,6cmm1LMvZdB5zsCwX5BjqE,Down,"['Jay Sean', 'Lil Wayne']"
"""Whatcha Say"" (CD single)",Jason Derulo,67T6l4q3zVjC5nZZPXByU8,Whatcha Say,['Jason Derulo']
"""Replay"" (CD single)",Iyaz,5vlEg2fT4cFWAqU5QptIpQ,Replay,['Iyaz']
"Hey, Soul Sister (CD single)",Train,4HlFJV71xXKIGcU3kRyttv,"Hey, Soul Sister",['Train']
"""Solo"" (CD single)",Iyaz,3fV2ZnSsxgvXUHshkGCBdR,Solo,['Iyaz']
"""Ridin' Solo"" (CD single)",Jason Derulo,6BaxqcoEM9r3LXisTyJjST,Ridin' Solo,['Jason Derulo']
"""Impossible"" (CD single)",Shontelle,1T8PwF3JhIiWwBhun23RNe,Impossible,['Shontelle']
"""Jar of Hearts"" (CD single)",Christina Perri,0HZhYMZOcUzZKSFwPOti6m,Jar of Hearts,['Christina Perri']
"""Pray for You"" (CD single)",Jaron and the Long Road to Love,68wTP3pPT5uAQsrwVX4DSS,Pray For You,['Jaron And The Long Road To Love']
"""The Only Exception"" (CD single)",Paramore,7JIuqL4ZqkpfGKQhYlrirs,The Only Exception,['Paramore']
"""Radioactive"" (CD single)",Kings of Leon,60CirPlTOEWOUBus7HxV3B,Radioactive,['Kings of Leon']
"""Animal"" (CD single)",Neon Trees,1fBl642IhJOE5U319Gy2Go,Animal,['Neon Trees']
"""Dancing Crazy"" (CD single)",Miranda Cosgrove,4Qqf0sthtAxufsWTicTHqN,Dancing Crazy,['Miranda Cosgrove']
"""Stereo Love"" (CD single)",Edward Maya and Vika Jigulina,35Dofxo9smHVxmFQbhYIAT,Stereo Love,"['Edward Maya', 'Vika Jigulina']"
"""Just a Kiss"" (CD Single)",Lady Antebellum,2OXidlnDThZR3zf36k6DVL,Just A Kiss,['Lady A']
"""Hair"" (CD Single)",Lady Gaga,2uk0YH2ahN0UE5jaCMa5jn,Hair,['Lady Gaga']
"""Monster"" (CD Single)",Paramore,04BSvYghzdxjSJNpee36er,Monster - Transformers Soundtrack Version,['Paramore']
"""Remind Me"" (CD Single)","Brad Paisley, Carrie Underwood",4ABua0yuWcpTotImEEJTaw,Remind Me (with Carrie Underwood),"['Brad Paisley', 'Carrie Underwood']"
"""Wanted You More"" (CD Single)",Lady Antebellum,129Q7yqxyiAz66mAd9BJgs,Wanted You More,['Lady A']
"""It Girl"" (CD Single)",Jason Derulo,4fINc8dnfcz7AdhFYVA4i7,It Girl,['Jason Derulo']
"""It Will Rain"" (CD Single)",Bruno Mars,0RUGuh2uSNFJpGMSsD1F5C,It Will Rain,['Bruno Mars']
"""Good Feeling"" (CD Single)",Flo Rida,2LEF1A8DOZ9wRYikWgVlZ8,Good Feeling,['Flo Rida']
"""Without You"" (CD Single)","David Guetta, Usher",1tAutlhI9FwnKn7fVgmd5P,Without You (feat. Usher),"['David Guetta', 'Usher']"
"""Somebody That I Used to Know"" (CD Single)",Gotye,4wCmqSrbyCgxEXROQE6vtV,Somebody That I Used To Know,"['Gotye', 'Kimbra']"
"""Good Girl"" (CD Single)",Carrie Underwood,20DfkHC5grnKNJCzZQB6KC,Good Girl,['Carrie Underwood']
"""Take a Hint"" (CD Single)",Victoria Justice,1T20tqHKrePjszGOdbFOEd,Take A Hint,"['Victorious Cast', 'Victoria Justice', 'Elizabeth Gillies']"
"""Where Have You Been"" (CD Single)",Rihanna,5WQQIDU3HRaMyPkob8mpFb,Where Have You Been,['Rihanna']
"""Beauty and a Beat"" (CD Single)","Justin Bieber, Nicki Minaj",190jyVPHYjAqEaOGmMzdyk,Beauty And A Beat,"['Justin Bieber', 'Nicki Minaj']"
"""Everybody Talks"" (CD Single)",Neon Trees,2iUmqdfGZcHIhS3b9E9EWq,Everybody Talks,['Neon Trees']
"""50 Ways to Say Goodbye"" (CD Single)",Train,2NniAhAtkRACaMeYt48xlD,50 Ways to Say Goodbye,['Train']
"""Two Black Cadillacs"" (CD Single)",Carrie Underwood,5mFYtqhN4T2D9IPSaZnVDw,Two Black Cadillacs,['Carrie Underwood']
"""Royals"" (CD Single)",Lorde,2dLLR6qlu5UJ5gk0dKz0h3,Royals,['Lorde']
"""Applause"" (CD single)",Lady Gaga,5ka2ajep9OAvU5Sgduhiex,Applause,['Lady Gaga']
"""Wrecking Ball"" (CD single)",Miley Cyrus,2vwlzO0Qp8kfEtzTsCXfyE,Wrecking Ball,['Miley Cyrus']
"""Reflektor"" (CD Single)",Arcade Fire,7uMZy0bALAdneerERyr7Ks,Reflektor,['Arcade Fire']
"""Mmm Yeah (feat. Pitbull)"" (CD Single)",Austin Mahone,2n3CaPGPLYnYAvTEwKCX8t,Mmm Yeah (feat. Pitbull),"['Austin Mahone', 'Pitbull']"
"""All of Me"" (CD Single)",John Legend,3U4isOIWM3VvDubwSI3y7a,All of Me,['John Legend']
"""Not a Bad Thing"" (CD Single)",Justin Timberlake,3nB82yGjtbQFSU0JLAwLRH,Not a Bad Thing,['Justin Timberlake']
"""Play It Again"" (CD Single)",Luke Bryan,03fT3OHB9KyMtGMt2zwqCT,Play It Again,['Luke Bryan']
"""Classic"" (CD Single)",MKTO,6FE2iI43OZnszFLuLtvvmg,Classic,['MKTO']
"""Love Never Felt So Good"" (CD single)","Michael Jackson, Justin Timberlake",48td6xvpokdYwvbl3JIiXP,Love Never Felt So Good,"['Michael Jackson', 'Justin Timberlake']"
"""The Writing's on the Wall"" (CD single)",OK Go,2KWB1SkJ8v0ljkzwHzLvco,The Writing's on the Wall,['OK Go']
"""Maps"" (CD single)",Maroon 5,4gbVRS8gloEluzf0GzDOFc,Maps,['Maroon 5']
"""Dirt"" (CD single)",Florida Georgia Line,5CXnIPD6rTjszYYQm6fY2P,Dirt,['Florida Georgia Line']
"""Here We Go Again"" (CD single)",Demi Lovato,33RJ3P6wc0B0FIyDalhNTv,Here We Go Again,['Demi Lovato']
"""Try"" (CD single)",Colbie Caillat,6buXDkw3Gv4fQC1OZKUhnR,Try,['Colbie Caillat']
"""Rule Breaker"" (CD single)",Ashlee Simpson,2GqnbBAtp7LyD8RKTO6dsR,Rule Breaker,['Ashlee Simpson']
"""Little Miss Obsessive"" (CD single)",Ashlee Simpson,0JKuYsEVL82LdZF7FRe1lE,Little Miss Obsessive,['Ashlee Simpson']
"""Temporary Life (Ordinary Girl)"" (CD single)",Carly Patterson,2WdjRm990gZ6Aiav8Yt1N7,Temporary Life (Ordinary Girl) - Closed-Captioned,['Carly Patterson']
"""Single"" (CD single)",New Kids on the Block,316KxG0zrro0QhXtFNSmUH,Single,"['New Kids On The Block', 'Ne-Yo']"
"""Right Here (Departed)"" (CD single)",Brandy,06G1SCVVYRSDCFGMSnDvpv,Right Here (Departed),['Brandy']
"""Love Lockdown"" (CD single)",Kanye West,1kxeWHF9PrCVZHvVskv8lg,Love Lockdown,['Kanye West']
"""Decode"" (CD single)",Paramore,1ZLtE9tSJdaUiIJ9YoKHQe,Decode,['Paramore']
"""Another Way to Die"" (CD single)","Alicia Keys, Jack White",3ODl8J0TZAykdMCtCIO28n,Another Way to Die,"['Jack White', 'Alicia Keys']"
"""I Don't Care"" (CD single)",Fall Out Boy,7ewT0nLFkMD8ONbRibePr9,I Don't Care - Single Version,['Fall Out Boy']
"""Right Now (Na Na Na)"" (CD single)",Akon,1ARJhjuI6TNYZCxYygFQ4F,Right Now (Na Na Na),['Akon']
"""Thinking of You"" (CD single)",Katy Perry,3c9LVPh3MpeFoaAL5DBDK5,Thinking Of You,['Katy Perry']
"""My Life Would Suck Without You"" (CD Single)",Kelly Clarkson,4Dm32oO01YpIubCHaAtKkN,My Life Would Suck Without You,['Kelly Clarkson']
"""Stand and Deliver"" (CD single)",No Doubt,0aAE55Blfe3uxT75XxuWcP,Stand And Deliver,['No Doubt']
"""Know Your Enemy"" (CD Single)",Green Day,5qtwzv99vOr5UTwnTixn7j,Know Your Enemy,['Green Day']
"""Knock You Down"" (CD single)",Keri Hilson,58FUwmyGUqkt53YPUcm7cJ,Knock You Down,"['Keri Hilson', 'Kanye West', 'Ne-Yo']"
"""Second Chance"" (CD single)",Shinedown,0CwYG1UnRmOx8Q1EzElCIL,Second Chance,['Shinedown']
"""Paparazzi"" (CD single)",Lady Gaga,7Hqig8kp32q2Ire3ECQvWM,Paparazzi,['Lady Gaga']
"""Bad Romance"" (CD single)",Lady Gaga,0SiywuOBRcynK0uKGWdCnn,Bad Romance,['Lady Gaga']
"""I Can Transform Ya"" (CD single)",Chris Brown,7n6TT5TDeS0A1DqEtSdapf,I Can Transform Ya (feat. Swizz Beatz & Lil' Wayne),"['Chris Brown', 'Swizz Beatz', 'Lil Wayne']"
"""Up Out My Face"" (CD Single)",Mariah Carey,2TT3V379NnIIjPZyGuiUQy,Up Out My Face,['Mariah Carey']
"""Alejandro"" (CD single)",Lady Gaga,4lwavw59UjXUPJZtKNdFYp,Alejandro,['Lady Gaga']
"""Rock that Body"" (CD single)",The Black Eyed Peas,7K8XoQXZBffc4xG2xIQHMO,Rock That Body,['Black Eyed Peas']
"""Bulletproof"" (CD single)",La Roux,3kMrazSvILsgcwtidZd1Qd,Bulletproof,['La Roux']
"""Mine"" (CD single)",Taylor Swift,5kr1vnfEtJungeEAzMrtTY,Mine,['Taylor Swift']
"""Just a Dream"" (CD single)",Nelly,3ZdJffjzJWFimSQyxgGIxN,Just A Dream,['Nelly']
"""Speak Now"" (CD single)",Taylor Swift,24DefNCFiWTP8OjYWiXuYe,Speak Now,['Taylor Swift']
"""Back to December"" (CD Single)",Taylor Swift,3DrjZArsPsoqbLzUZZV1Id,Back To December,['Taylor Swift']
"""Mean"" (CD Single)",Taylor Swift,5yEPktRqvIhko5QFF3aBhQ,Mean,['Taylor Swift']
"""Dear John"" (CD Single)",Taylor Swift,1ubvV5ECkm6nSI6g1HmbBK,Dear John,['Taylor Swift']
"""Innocent"" (CD Single)",Taylor Swift,5GPwN5iZ9ZMSXAkppj4Uvv,Innocent,['Taylor Swift']
"""The Story of Us"" (CD Single)",Taylor Swift,3RBluWmSoG2pGA1OePzGJI,The Story Of Us,['Taylor Swift']
"""Please Don't Go"" (CD single)",Mike Posner,6jg5SRvdGxvJ0DzNV0UqEK,Please Don't Go,['Mike Posner']
"""The Time (Dirty Bit)"" (CD single)",The Black Eyed Peas,36sOP2CUZdl7ZUVNpOZbMf,The Time (Dirty Bit),['Black Eyed Peas']
"""I Am the Champion"" (CD single)",B.o.B.,57gArW5xYHNXaw2am8s5eG,I Am the Champion,['B.o.B']
"""What the Hell"" (CD single)",Avril Lavigne,2z4U9d5OAA4YLNXoCgioxo,What the Hell,['Avril Lavigne']
"""Rolling in the Deep"" (CD single)",Adele,1c8gk2PeTE04A1pIDH9YMk,Rolling in the Deep,['Adele']
"""Best Love Song"" (CD Single)","Chris Brown, T-Pain",4CHLYbx8NB1LUn5WqT0SzV,Best Love Song,['T-Pain']
"""The Edge of Glory"" (CD Single)",Lady Gaga,1lXVsBvyIW0vflRjo1ACNR,The Edge Of Glory,['Lady Gaga']
"""Tonight Tonight"" (CD single)",Hot Chelle Rae,2i0AUcEnsDm3dsqLrFWUCq,Tonight Tonight,['Hot Chelle Rae']
"""I Wanna Go"" (CD Single)",Britney Spears,5cCAZS9VhLGEDV4NCfieeg,I Wanna Go,['Britney Spears']
"""If I Die Young"" (CD Single)",The Band Perry,4u26EevCNXMhlvE1xFBJwX,If I Die Young,['The Band Perry']
"""Pumped Up Kicks"" (CD Single)",Foster the People,7w87IxuO7BDcJ3YUqCyMTT,Pumped Up Kicks,['Foster The People']
"""You and I"" (CD Single)",Lady Gaga,6szOfaZn6H3rZXnUqgJ4R7,You And I,['Lady Gaga']
"""Someone Like You"" (CD Single)",Adele,1zwMYTA5nlNjZxYrvBB2pV,Someone Like You,['Adele']
"""Criminal"" (CD Single)",Britney Spears,6T689Jvh5KrSXyaPtUWZtQ,Criminal,['Britney Spears']
"""The One That Got Away"" (CD Single)",Katy Perry,6hkOqJ5mE093AQf2lbZnsG,The One That Got Away,['Katy Perry']
"""Holocene"" (CD Single)",Bon Iver,35KiiILklye1JRRctaLUb4,Holocene,['Bon Iver']
"""Set Fire to the Rain"" (CD Single)",Adele,73CMRj62VK8nUS4ezD2wvi,Set Fire to the Rain,['Adele']
"""Domino"" (CD single)",Jessie J,6MAdEUilV2p9RQUqE5bMAK,Domino,['Jessie J']
"""Give Me All Your Luvin'"" (CD Single)","M.I.A., Madonna, Nicki Minaj",2woCC5hiuPTDAonxhEojP0,Give Me All Your Luvin',"['Madonna', 'Nicki Minaj', 'M.I.A.']"
"""Glad You Came"" (CD Single)",The Wanted,5yDL13y5giogKs2fSNf7sj,Glad You Came,['The Wanted']
"""Live My Life"" (CD Single)","Far East Movement, Justin Bieber",5MWx5bkuRauFJenpG1w5wt,Live My Life,"['Far East Movement', 'Justin Bieber']"
"""So Good"" (CD Single)",B.o.B.,28GUjBGqZVcAV4PHSYzkj2,So Good,['B.o.B']
"""Rumour Has It"" (CD Single)",Adele,2A73XBDBQgmdXO8VsXPWIs,Rumour Has It,['Adele']
"""Payphone"" (CD Single)","Maroon 5, Wiz Khalifa",1LmN9SSHISbtp9LoaR5ZVJ,Payphone,"['Maroon 5', 'Wiz Khalifa']"
"""Titanium"" (CD Single)","David Guetta, Sia",0lHAMNU8RGiIObScrsRgmP,Titanium (feat. Sia),"['David Guetta', 'Sia']"
"""Let It Roll"" (CD Single)",Flo Rida,0W0FFzJ1lhTxt0JLrsiULh,Let It Roll,['Flo Rida']
"""Want U Back"" (CD Single)",Cher Lloyd,6E11E0lT5Zy7yb6iT3y8DN,Want U Back,['Cher Lloyd']
"""Let's Go"" (CD Single)","Calvin Harris, Ne-Yo",4wkQmYpAaMe41Rc3sYZ7Vz,Let's Go (feat. Ne-Yo),"['Calvin Harris', 'Ne-Yo']"
"""Gangnam Style"" (CD Single)",Psy,03UrZgTINDqvnUMbbIMhql,Gangnam Style (강남스타일),['PSY']
"""Skyfall"" (CD Single)",Adele,6VObnIkLVruX4UVyxWhlqm,Skyfall,['Adele']
"""My Songs Know What You Did in The Dark (Light Em Up)"" (CD Single)",Fall Out Boy,7s0lDK7y3XLmI7tcsRAbW0,My Songs Know What You Did In The Dark (Light Em Up),['Fall Out Boy']
"""Carry On"" (CD Single)",fun.,7gpy7sfWPNuOKmUNs3XQYE,Carry On,['fun.']
"""Radioactive"" (CD Single)",Imagine Dragons,4G8gkOterJn0Ywt6uhqbhp,Radioactive,['Imagine Dragons']
"""Troublemaker (feat. Flo Rida)"" (CD Single)",Olly Murs,6s8nHXTJVqFjXE4yVZPDHR,Troublemaker (feat. Flo Rida),"['Olly Murs', 'Flo Rida']"
"""Crash My Party"" (CD Single)",Luke Bryan,6GBUsjHfZuweYf5lQEz6mP,Crash My Party,['Luke Bryan']
"""Walking on Air"" (CD Single)",Katy Perry,0RCsGhR44nFVAd5WiZZcGq,Walking On Air,['Katy Perry']
"""Demons"" (CD Single)",Imagine Dragons,3LlAyCYU26dvFZBDUIMb7a,Demons,['Imagine Dragons']
"""Sweater Weather"" (CD Single)",The Neighbourhood,2QjOHCTQ1Jl3zawyYOpxh6,Sweater Weather,['The Neighbourhood']
"""Problem (feat. Iggy Azalea)"" (CD Single)",Ariana Grande,76eTTeRkmu1uu8w46f8bue,Problem (feat. Iggy Azalea),"['Ariana Grande', 'Iggy Azalea']"
"""A Million Ways to Die"" (CD Single)",Alan Jackson,5s2p0YwJG47Y6AhyoDuhKV,A Million Ways To Die,['Alan Jackson']
"""Violet Hill"" (CD single)",Coldplay,1ZqHjApl3pfzwjweTfMi0g,Violet Hill,['Coldplay']
"""Feedback"" (CD single)",Janet Jackson,2K1MhduqSRF4Q2agqEtnEh,Feedback,['Janet Jackson']
"""Pro Nails"" (CD single)",Kid Sister,4zBRdLegVtJFYsxVZMHDUt,Pro Nails,"['Kid Sister', 'Kanye West']"
"""Chocolate Rain"" (CD single)",Tay Zonday,3sJ1HwrSpTVosPhJHFbRLK,Chocolate Rain,['Tay Zonday']
"""Anywhere I Lay My Head"" (CD single)",Scarlett Johansson,2bG3NtHtiNiQn8AqFb9kmq,Anywhere I Lay My Head,['Scarlett Johansson']
"""I Kissed a Girl"" (CD single)",Katy Perry,005lwxGU1tms6HGELIcUv9,I Kissed A Girl,['Katy Perry']
"""Shake It"" (CD single)",Metro Station,5619Ojc6t9evEEs3B7Drhe,Shake It,['Metro Station']
"""American Boy"" (CD single)",Estelle,22UDw8rSfLbUsaAGTXQ4Z8,American Boy,"['Estelle', 'Kanye West']"
"""Womanizer"" (CD single)",Britney Spears,4fixebDZAVToLbUCuEloa2,Womanizer,['Britney Spears']
"""She Loves Everybody"" (CD single)",Chester French,3YBrkaI1hxxjo6AvqBLiWv,She Loves Everybody,['Chester French']
"""Boom Boom Pow"" (CD single)",The Black Eyed Peas,0H0qCT915jVFCvq8GEVyN0,Boom Boom Pow,['Black Eyed Peas']
"""Meet Me on the Equinox"" (CD single)",Death Cab for Cutie,4MeBn9GqDFZ4IgZQXWGa7o,Meet Me on the Equinox,['Death Cab for Cutie']
"""Telephone"" (CD Single)","Beyonce Knowles, Lady Gaga",7rl7ao5pb9BhvAzPdWStxi,Telephone,"['Lady Gaga', 'Beyoncé']"
"""Kiss Me Thru the Phone"" (CD single)",Soulja Boy,2q4rjDy9WhaN3o9MvDbO21,Kiss Me Thru The Phone,"['Soulja Boy', 'Sammie']"
"""Obsessed"" (CD Single)",Mariah Carey,3IcIIZMMS7UArJJPtEHXG8,Obsessed,['Mariah Carey']
"""Good Girls Go Bad"" (CD single)",Cobra Starship,7kMfu3KUydmrFVGEAhjtyl,Good Girls Go Bad (feat. Leighton Meester),"['Cobra Starship', 'Leighton Meester']"
"""Papers"" (CD single)",Usher,77fP7UixHMYEIFT8NS92Ul,Papers,['Usher']
"""Hey Daddy (Daddy's Home)"" (CD single)",Usher,030OCtLMrljNhp8OWHBWW3,Hey Daddy (Daddy's Home),['Usher']
"""According to You"" (CD single)",Orianthi,72phhQtfwZcRweweRxxkmU,According To You,['Orianthi']
"""Breakeven"" (CD single)",The Script,285hMzLhJwHVLe9QT9qilk,Breakeven,['The Script']
"""Break Your Heart"" (CD single)",Taio Cruz,7ElF5zxOwYP4qVSWVvse3W,Break Your Heart,['Taio Cruz']
"""OMG"" (CD single)",Usher,1bM50INir8voAkVoKuvEUI,OMG (feat. will.i.am),"['Usher', 'will.i.am']"
"""Dynamite"" (CD single)",Taio Cruz,2CEgGE6aESpnmtfiZwYlbV,Dynamite,['Taio Cruz']
"""Teenage Dream"" (CD single)",Katy Perry,5jzKL4BDMClWqRguW5qZvh,Teenage Dream,['Katy Perry']
"""Misery"" (CD single)",Maroon 5,6KBYk8OFtod7brGuZ3Y67q,Misery,['Maroon 5']
"""Grenade"" (CD single)",Bruno Mars,2tJulUYLDKOg9XrtVkMgcJ,Grenade,['Bruno Mars']
"""Coming Home"" (CD single)",Diddy,6Iocm6VMu6bVNYwiDoyQFW,Coming Home,"['Diddy - Dirty Money', 'Skylar Grey']"
"""Hold It Against Me"" (CD single)",Britney Spears,7Dyq1bhhjknLKEGg4k5NLr,Hold It Against Me,['Britney Spears']
"""Born This Way"" (CD single)",Lady Gaga,6r2BECwMgEoRb5yLfp0Hca,Born This Way,['Lady Gaga']
"""The Cave"" (CD single)",Mumford & Sons,7IxVWmdabNVhfLBV3JD0nJ,The Cave,['Mumford & Sons']
"""On the Floor"" (CD Single)",Jennifer Lopez,3C0nOe05EIt1390bVABLyN,On The Floor,"['Jennifer Lopez', 'Pitbull']"
"""Blow"" (CD single)",Ke$ha,69bxVgqQBc8olUnrwgK0n8,Blow,['Made famous by Ke$ha']
"""Till the World Ends"" (CD Single)",Britney Spears,38iU2jg98IZZEIJPrP7aWD,Till the World Ends,['Britney Spears']
"""Summer Rain"" (CD Single)",Matthew Morrison,5MyWTxClsWUzWuU8cG98wA,Summer Rain,['Matthew Morrison']
"""Jam (Turn It Up)"" (CD Single)",Kim Kardashian,6slnz0q9Peo9Pnok7U51so,Jam (Turn It Up),['Kim Kardashian']
"""Just Can't Get Enough"" (CD Single)",The Black Eyed Peas,058ylOfaHNINMqM4rdW2ey,Just can't get enough,['Made famous by The Black Eyed Peas']
"""The Lazy Song"" (CD Single)",Bruno Mars,1ExfPZEiahqhLyajhybFeS,The Lazy Song,['Bruno Mars']
"""Give Me Everything"" (CD Single)",Pitbull,4QNpBfC0zvjKqPJcyqBy9W,"Give Me Everything (feat. Ne-Yo, Afrojack & Nayer)","['Pitbull', 'Ne-Yo', 'Afrojack', 'Nayer']"
"""Judas"" (CD Single)",Lady Gaga,0QkWikH5Z3U0f79T9iuF6c,Judas,['Lady Gaga']
"""Written in the Stars"" (CD Single)",Tinie Tempah,61HQWI1Woxup7CnGwVUsdI,Written in the Stars (feat. Eric Turner),"['Tinie Tempah', 'Eric Turner']"
"""Dirty Dancer"" (CD Single)","Enrique Iglesias, Lil Wayne, Usher",1XS0Gyb2YyUgoxa8O67emr,Dirty Dancer,"['Enrique Iglesias', 'Usher']"
"""The Show Goes On"" (CD Single)",Lupe Fiasco,4NTWZqvfQTlOMitlVn6tew,The Show Goes On,['Lupe Fiasco']
"""Moves Like Jagger"" (CD Single)","Christina Aguilera, Maroon 5",7LcfRTgAVTs5pQGEQgUEzN,"Moves Like Jagger - Studio Recording From ""The Voice"" Performance","['Maroon 5', 'Christina Aguilera']"
"""How to Love"" (CD Single)",Lil Wayne,36IZGm2IuECLTxMKa9qajO,How To Love,['Lil Wayne']
"""California King Bed"" (CD Single)",Rihanna,1NpDnkQO0yWxTtntrC0UNz,California King Bed,['Rihanna']
"""Sexy and I Know It"" (CD Single)",LMFAO,0obBFrPYkSoBJbvHfUIhkv,Sexy And I Know It,['LMFAO']
"""Marry the Night"" (CD Single)",Lady Gaga,1k18nxjYj8R5iz82Ap7GEY,Marry The Night,['Lady Gaga']
"""You Da One"" (CD Single)",Rihanna,3Yt9lRtS5V4nbJnwcgFgvC,You Da One,['Rihanna']
"""Turn Me On"" (CD Single)","David Guetta, Nicki Minaj",6JOlNkT0QdHeZB0wPbI9IR,Turn Me On (feat. Nicki Minaj),"['David Guetta', 'Nicki Minaj']"
"""Brokenhearted"" (CD Single)",Karmin,4urcG6Nfubqsuqy3juMjBi,Brokenhearted,['Karmin']
"""It All Belongs to Me"" (CD Single)","Brandy, Monica",6vcM00USjZoJYtRqNGJH83,It All Belongs To Me,"['Brandy', 'Monica']"
"""Girl Gone Wild"" (CD Single)",Madonna,6SONqPbbSCVP5rgi0CdRxu,Girl Gone Wild,['Madonna']
"""Dance Again"" (CD Single)",Jennifer Lopez,4d2hD63oUGU3s7L66JD0BE,Dance Again,"['Jennifer Lopez', 'Pitbull']"
"""Some Nights"" (CD Single)",fun.,6t6oULCRS6hnI7rm0h5gwl,Some Nights,['fun.']
"""One More Night"" (CD Single)",Maroon 5,4XNrMwGx1SqP01sqkGTDmo,One More Night,['Maroon 5']
"""Runaways"" (CD Single)",The Killers,62BxlOvQCjLNQA5ARA4Dug,Runaways,['The Killers']
"""We Run the Night"" (CD Single)","Havana Brown, Pitbull",0mtPNQl5vePVwiI9Vykp7L,We Run The Night,"['Havana Brown', 'Pitbull']"
"""Pontoon"" (CD Single)",Little Big Town,2Gy3XMLbBxACZ4tXdFRGr7,Pontoon,['Little Big Town']
"""Locked out of Heaven"" (CD Single)",Bruno Mars,3w3y8KPTfNeOKPiqUTakBh,Locked out of Heaven,['Bruno Mars']
"""If I Didn't Know Better"" (CD Single)","Clare Bowen, Sam Palladio",3DlRm5UM8iFQZC9Zt0k0nQ,If I Didn't Know Better,"['Nashville Cast', 'Sam Palladio', 'Clare Bowen']"
"""I Cry"" (CD Single)",Flo Rida,4bZd0nRuX8HyjeXAUBczvm,I Cry,['Flo Rida']
"""God Put a Smile Upon Your Face"" (CD Single)",Coldplay,4hf0hL4kWyjWztZzVsM39V,God Put a Smile upon Your Face,['Coldplay']
"""Nuclear"" (CD Single)",Destiny's Child,1kO615U99ZkJP2RSK9zR8x,Nuclear,"[""Destiny's Child""]"
"""Gentleman"" (CD Single)",Psy,26spalP6x2gUAab8rwB8dQ,Gentleman,['PSY']
"""Accidental Racist (feat. LL Cool J)"" (CD Single)","Brad Paisley, LL Cool J",23q6Nowh5GeqtY5jTDzKyQ,Accidental Racist (feat. LL Cool J),"['Brad Paisley', 'LL Cool J']"
"""We Own It (Fast & Furious)"" (CD Single)","2 Chainz, Wiz Khalifa",6mYa1x1iiuEx2QqQryHfpl,We Own It (Fast & Furious),"['2 Chainz', 'Wiz Khalifa']"
"""Animals"" (CD Single)",Martin Garrix,6JEntXLt4z98CcDtIH9sU7,Animals - Extended,['Martin Garrix']
"""Scare Away the Dark"" (CD Single)",Passenger,6YCy7PI0hxQSarLHhZrK7u,Scare Away the Dark,['Passenger']
"""Sexy Bitch"" (CD single)","Akon, David Guetta",0D6QdzCilsbRKEgEGzhlOZ,Sexy Bitch (feat. Akon) - Afrojack Remix Def,"['David Guetta - Akon', 'Akon', 'Afrojack']"
"""When I Grow Up"" (CD single)",The Pussycat Dolls,21pySLskKIKrhDziCX5ojQ,When I Grow Up,['The Pussycat Dolls']
"""Break the Ice"" (CD single)",Britney Spears,52K4Nl7eVNqUpUeJeWJlwT,Break the Ice,['Britney Spears']
"""Gimme More"" (CD single)",Britney Spears,6ic8OlLUNEATToEFU3xmaH,Gimme More,['Britney Spears']
"""Labels or Love"" (CD single)",Fergie,3Kwnrfd8npsKfoWHJdbQG3,Labels Or Love,['Fergie']
"""Like I Never Left"" (CD single)",Whitney Houston,5qIB8RslPO78tG7S9SN3FX,Like I Never Left (feat. Akon),"['Whitney Houston', 'Akon']"
"""So What"" (CD single)",Pink,7BpAEEZkSvvTjkFhxVY7zN,So What,['Pink Navel']
"""Keeps Gettin' Better"" (CD single)",Christina Aguilera,0j0n5CUS1g3QSwDWg8r5qq,Keeps Gettin' Better,['Christina Aguilera']
"""Swagga Like Us"" (CD single)","Jay-Z, Kanye West, Lil Wayne, T.I.",6N6bpwA4iiq7HtKToeVH0c,Swagga Like Us,"['JAY-Z', 'T.I.', 'Kanye West', 'Lil Wayne']"
Go Girl (CD Single),Ciara,3VFR7lXtbxQvcYnTIc6sdB,Go Girl (feat. T-Pain),"['Ciara', 'T-Pain']"
"""Get on Your Boots"" (CD single)",U2,2pcXHC2NXIByMRsgBKp66o,Get On Your Boots,['U2']
"""The Wrestler"" (CD single)",Bruce Springsteen,6E6xVYnTszA6MerlIuiAoY,The Wrestler,['Bruce Springsteen']
"""Just Dance"" (CD single)",Lady Gaga,2x7MyWybabEz6Y6wvHuwGE,Just Dance,"['Lady Gaga', ""Colby O'Donis""]"
"""Poker Face"" (CD single)",Lady Gaga,5R8dQOPq8haW94K7mgERlO,Poker Face,['Lady Gaga']
"""Love Sex Magic"" (CD single)",Ciara,7xdmTEHRbgQuLR8KpRLLnn,Love Sex Magic (feat. Justin Timberlake),"['Ciara', 'Justin Timberlake']"
"""I Know You Want Me (Calle Ocho)"" (CD single)",Pitbull,13plQdOoWSSXPRUSZc5FuM,I Know You Want Me (Calle Ocho),['Pitbull']
"""LoveGame"" (CD single)",Lady Gaga,0TcJ7QWpggdSg8t0fHThHm,LoveGame,['Lady Gaga']
"""Best I Ever Had"" (CD Single)",Drake,3QLjDkgLh9AOEHlhQtDuhs,Best I Ever Had,['Drake']
"""Damned If I Do Ya (Damned If I Don't)"" (CD single)",All Time Low,4CDlYQu16nUtVGwgwqj3I3,Damned If I Do Ya (Damned If I Don't),['All Time Low']
"""She Wolf"" (CD single)",Shakira,4cS2HQ6jK80vqdY9ofpztx,She Wolf,['Shakira']
"""Empire State of Mind"" (CD single)",Jay-Z,2igwFfvr1OAGX9SKDCPBwO,Empire State Of Mind,"['JAY-Z', 'Alicia Keys']"
"""Need You Now"" (CD single)",Lady Antebellum,11EX5yhxr9Ihl3IN1asrfK,Need You Now,['Lady A']
"""How Low"" (CD single)",Ludacris,1WtTLtofvcjQM3sXSMkDdX,How Low,['Ludacris']
"""In My Head"" (CD single)",Jason Derulo,5BoIP8Eha5hwmRVURkC2Us,In My Head,['Jason Derulo']
"""Over"" (CD single)",Drake,6BdgtqiV3oXNqBikezwdvC,Over,['Drake']
"""Not Myself Tonight"" (CD single)",Christina Aguilera,29CFPJaBW3ZfVeCI8EDnQa,Not Myself Tonight,['Christina Aguilera']
"""Only Girl (In the World)"" (CD single)",Rihanna,2ENexcMEMsYk0rVJigVD3i,Only Girl (In The World),['Rihanna']
"""Yeah 3X"" (CD single)",Chris Brown,2QtxlzvSBONjs1bDC34ixs,Yeah 3x,['Chris Brown']
"""Hey Baby (Drop It to the Floor)"" (CD single)","Pitbull, T-Pain",3rfhI32Il2hVRKDkuGeeen,Hey Baby (Drop It to the Floor) (feat. T-Pain),"['Pitbull', 'T-Pain']"
"""I Need a Doctor"" (CD single)","Dr. Dre, Eminem",70ATm56tH7OrQ1zurYssz0,I Need A Doctor,"['Dr. Dre', 'Eminem', 'Skylar Grey']"
"""E.T."" (CD single)","Kanye West, Katy Perry",4z8ssgZfs5TzKiO8HaGWXO,E.T.,['Katy Perry']
"""Party Rock Anthem"" (CD Single)",LMFAO,0IkKz2J93C94Ei4BvDop7P,Party Rock Anthem,"['LMFAO', 'Lauren Bennett', 'GoonRock']"
"""Super Bass"" (CD Single)",Nicki Minaj,3hlksXnvbKogFdPbpO9vel,Super Bass,['Nicki Minaj']
"""Right There"" (CD Single)","50 Cent, Nicole Scherzinger",6ZKOTsLgLGiF6hLVm4W4D2,Right There - Featuring 50 Cent,"['Nicole Scherzinger', '50 Cent']"
"""Otis"" (CD Single)","Jay-Z, Kanye West",6vegnfDS8DAEaCqWaPYGPy,Otis,"['JAY-Z', 'Kanye West', 'Otis Redding']"
"""Mirror"" (CD Single)",Lil Wayne,5hUYsaOyMY32yjRXeuQwGj,Mirror,"['Lil Wayne', 'Bruno Mars']"
"""In the Dark"" (CD Single)",Dev,1pbHy9VBpSyZh56xuujZz0,In The Dark,['DEV']
"""Make Me Proud"" (CD Single)","Drake, Nicki Minaj",7yfg0Eer6UZZt5tZ1XdsWz,Make Me Proud,"['Drake', 'Nicki Minaj']"
"""International Love"" (CD Single)","Chris Brown, Pitbull",62zFEHfAYl5kdHYOivj4BC,International Love (feat. Chris Brown),"['Pitbull', 'Chris Brown']"
"""We Are Young"" (CD Single)",fun.,7a86XRg84qjasly9f6bPSD,We Are Young (feat. Janelle Monáe),"['fun.', 'Janelle Monáe']"
"""Scream"" (CD Single)",Usher,12eMQUn2GzfsfsQLH53M19,Scream,['Usher']
"""Drunk on You"" (CD Single)",Luke Bryan,3b7CDTKB0SRTmQ6ytYi5vZ,Drunk On You,['Luke Bryan']
"""Pound the Alarm"" (CD Single)",Nicki Minaj,0LohatbcUXRauoeMlR1jnS,Pound The Alarm,['Nicki Minaj']
"""Finally Found You"" (CD Single)","Enrique Iglesias, Sammy Adams",0F6RPDtMi519sr7sl2gOVv,Finally Found You,"['Enrique Iglesias', 'Sammy Adams']"
"""Your Body""  (CD Single)",Christina Aguilera,2pmtavvgqZN52EePYxutgk,Your Body,['Christina Aguilera']
"""Diamonds"" (CD Single)",Rihanna,1z9kQ14XBSN0r2v6fx4IdG,Diamonds,['Rihanna']
"""Better Dig Two"" (CD Single)",The Band Perry,3z0a8G407NbxfjTRffvQiP,Better Dig Two,['The Band Perry']
"""Scream & Shout"" (CD Single)","Britney Spears, will.i.am",2iJuuzV8P9Yz0VSurttIV5,Scream & Shout,"['will.i.am', 'Britney Spears']"
"""Suit & Tie (feat. Jay-Z)"" (CD Single)","Jay-Z, Justin Timberlake",6vt0I1cw1YmAIKDJvHVIM5,Suit & Tie (feat. Jay-Z),"['Justin Timberlake', 'JAY-Z']"
"""Here's to Never Growing Up"" (CD Single)",Avril Lavigne,0qwcGscxUHGZTgq0zcaqk1,Here's to Never Growing Up,['Avril Lavigne']
"""We Can't Stop"" (CD Single)",Miley Cyrus,2y4lAQpi5VTNLu2ldeTdUH,We Can't Stop,['Miley Cyrus']
"""Hard Out Here"" (CD Single)",Lily Allen,6TK4Gszcg4IqyW0Ewtejcd,Hard out Here,['Lily Allen']
"""Stay with Me"" (CD Single)",Sam Smith,5Nm9ERjJZ5oyfXZTECKmRt,Stay With Me,['Sam Smith']
"""Headlines"" (CD Single)",Drake,6LxSe8YmdPxy095Ux6znaQ,Headlines,['Drake']
"""Sing"" (CD single)",Ed Sheeran,433FVm7R2wec6CB2VzdZTT,Sing,['Ed Sheeran']
"""Wiggle (feat. Snoop Dogg)"" (CD single)","Jason Derulo, Snoop Dogg",2sLwPnIP3CUVmIuHranJZU,Wiggle (feat. Snoop Dogg),"['Jason Derulo', 'Snoop Dogg']"
"""Chandelier"" (CD single)",Sia,2s1sdSqGcKxpPr5lCl7jAV,Chandelier,['Sia']
"""Touch My Body"" (CD single)",Mariah Carey,2aEuXA1KswHlCGPOuPmCOW,Touch My Body,['Mariah Carey']
"""Like Me"" (CD single)",Girlicious,0QTWwP0XtEyv13pJdiH9Ij,Like Me,['Girlicious']
"""Whatever You Like"" (CD single)",T.I.,1IAzD1muglOxOcPbUHs70R,Whatever You Like,['T.I.']
"""Shackler's Revenge"" (CD single)",Guns N' Roses,0S9eOzGwLHUwmjYvB5jG4x,Shackler's Revenge,"[""Guns N' Roses""]"
"""Dead and Gone"" (CD single)",T.I.,7IhsLJMqdxoo7YAZjaSMru,Dead And Gone,"['T.I.', 'Justin Timberlake']"
"""I Love College"" (CD single)",Asher Roth,1akgiRM3mN2nxu2AX6ACCW,I Love College,['Asher Roth']
"""We Made You"" (CD single)",Eminem,4UMTp91LHhvW33ol9ZQH0Q,We Made You,['Eminem']
"""Day 'N' Nite"" (CD single)",Kid Cudi,5FEXPoPnzueFJQCPRIrC3c,Day 'N' Nite (nightmare),['Kid Cudi']
"""Make Me Wanna Die"" (CD single)",The Pretty Reckless,2opyAm6zOyjR0An5LkblfN,Make Me Wanna Die,['The Pretty Reckless']
"""Run This Town"" (CD single)","Jay-Z, Kanye West, Rihanna",7LR85XLWw2yXqKBSI5brbG,Run This Town,"['JAY-Z', 'Rihanna', 'Kanye West']"
"""Forever"" (CD single)",Drake,5UsLjwBaTHBX4ektWIr4XX,Forever,"['Drake', 'Kanye West', 'Lil Wayne', 'Eminem']"
"""Starstrukk"" (CD single)",3OH!3,1hBM2D1ULT3aeKuddSwPsK,STARSTRUKK (feat. Katy Perry),"['3OH!3', 'Katy Perry', 'Matt Squire']"
"""Russian Roulette"" (CD single)",Rihanna,3rMsX63C0IZVnOT5LGYoTH,Russian Roulette,['Rihanna']
Hell Breaks Loose (CD single),Eminem,0FXfAepEmqVCMnvOpb8Hoj,Hell Breaks Loose,"['Eminem', 'Dr. Dre']"
"""Drop the World"" (CD single)",Lil Wayne,3e21cX0CVwzkQXiHz7WUQZ,Drop The World,"['Lil Wayne', 'Eminem']"
"""Rude Boy"" (CD single)",Rihanna,60jzFy6Nn4M0iD1d94oteF,Rude Boy,['Rihanna']
"""Imma Be"" (CD single)",The Black Eyed Peas,0oJMv049q8hEkes9w0L1J4,Imma Be,['Black Eyed Peas']
"""Not Afraid"" (CD single)",Eminem,7Ie9W94M7OjPoZVV216Xus,Not Afraid,['Eminem']
"""Young Forever"" (CD single)",Jay-Z,35srNkJVToAzYiZzron1FY,Young Forever,"['JAY-Z', 'Mr Hudson']"
"""Like a G6"" (CD single)",Far East Movement,4DvhkX2ic4zWkQeWMwQ2qf,Like A G6,"['Far East Movement', 'The Cataracs', 'DEV']"
"""Raise Your Glass"" (CD Single)",Pink,0pHYH21o5nbgtrfULWIHzE,Raise Your Glass,['Pinky']
"""We R Who We R"" (CD Single)",Ke$ha,1p4mnh4jOsO14XtD5zAjaB,We R Who We R,['Made famous by Ke$ha']
"""What's My Name"" (CD single)","Drake, Rihanna",6DkXLzBQT7cwXmTyzAB1DJ,What's My Name?,"['Rihanna', 'Drake']"
"""Black and Yellow"" (CD single)",Wiz Khalifa,5A6OHHy73AR5tLxgTc98zz,Black and Yellow,['Wiz Khalifa']
"""Look at Me Now"" (CD single)","Busta Rhymes, Chris Brown, Lil Wayne",3hsmbFKT5Cujb5GQjqEU39,Look At Me Now (feat. Lil' Wayne & Busta Rhymes),"['Chris Brown', 'Lil Wayne', 'Busta Rhymes']"
"""Down On Me"" (CD Single)","50 Cent, Jeremih",0x3TibRgnSqzkcwrqBd4iX,Down On Me,"['Jeremih', '50 Cent']"
"""Dirt Road Anthem"" (CD Single)",Jason Aldean,2qYsSHsYkihWx043HVJQRV,Dirt Road Anthem,['Jason Aldean']
"""Man Down"" (CD Single)",Rihanna,454h9zAIuTe1eJyw9iTnj4,Man Down,['Rihanna']
"""Lighters"" (CD Single)",Bad Meets Evil,5zpDHEU12zATwLGvozxPw2,Lighters,"['Bad Meets Evil', 'Bruno Mars']"
"""Make It Stop"" (CD Single)",Rise Against,0wHNrrefyaeVewm4NxjxrX,Make It Stop (September's Children),['Rise Against']
"""Last Friday Night (T.G.I.F.)"" (CD Single)",Katy Perry,3avYqdwHKEq8beXbeWCKqJ,Last Friday Night (T.G.I.F.),['Katy Perry']
"""Cheers (Drink to That)"" (CD Single)",Rihanna,46MDLc0Yip6xCMSsdePOAU,Cheers (Drink To That),['Rihanna']
"""Strange Clouds"" (CD Single)","B.o.B., Lil Wayne",0yQw3d0iQDjMrxaVHFv77J,Strange Clouds (feat. Lil Wayne),"['B.o.B', 'Lil Wayne']"
"""5 O'Clock"" (CD Single)","Lily Allen, T-Pain, Wiz Khalifa",42EMFjvFtOki8MA0JNZqVK,5 O'Clock (feat. Lily Allen & Wiz Khalifa),"['T-Pain', 'Lily Allen', 'Wiz Khalifa']"
"""Red Solo Cup"" (CD Single)",Toby Keith,4YKAOXyqkKZ5gOZR0AmVMN,Red Solo Cup,['Toby Keith']
"""Starships"" (CD Single)",Nicki Minaj,1oHNvJVbFkexQc0BpQp7Y4,Starships,['Nicki Minaj']
"""Wild Ones"" (CD Single)","Flo Rida, Sia",1NpW5kyvO4XrNJ3rnfcNy3,Wild Ones (feat. Sia),"['Flo Rida', 'Sia']"
"""Right by My Side"" (CD Single)","Chris Brown, Nicki Minaj",2bgW1SJqUjIkWcbxTPTIdy,Right By My Side,"['Nicki Minaj', 'Chris Brown']"
"""Whistle"" (CD single)",Flo Rida,3bC1ahPIYt1btJzSSEyyrF,Whistle,['Flo Rida']
"""Clique"" (CD Single)","Big Sean, Jay-Z, Kanye West",65rRB2mspD309xE6YimZTl,Clique,"['Kanye West', 'JAY-Z', 'Big Sean']"
"""The A Team"" (CD Single)",Ed Sheeran,1VdZ0vKfR5jneCmWIUAMxK,The A Team,['Ed Sheeran']
"""Thrift Shop (feat. Wanz)"" (CD Single)",Macklemore & Ryan Lewis,6CjtS2JZH9RkDz5UVInsa9,Thrift Shop (feat. Wanz),"['Macklemore & Ryan Lewis', 'Macklemore', 'Ryan Lewis', 'Wanz']"
"""Started from the Bottom"" (CD Single)",Drake,5DI9jxTHrEiFAhStG7VA8E,Started From the Bottom,['Drake']
"""Berzerk"" (CD Single)",Eminem,6Xk7PnitV9jCRorWt2LiVZ,Berzerk,['Eminem']
"""Turn Down for What"" (CD Single)","DJ Snake, Lil Jon",67awxiNHNyjMXhVgsHuIrs,Turn Down for What,"['DJ Snake', 'Lil Jon']"
"""Talk Dirty (feat. 2 Chainz)"" (CD Single)",Jason Derulo,6g6A7qNhTfUgOSH7ROOxTD,Talk Dirty (feat. 2 Chainz),"['Jason Derulo', '2 Chainz']"
"""#SELFIE"" (CD Single)",The Chainsmokers,6O3dqxW4ngkdTsQwnITJPP,#SELFIE,['The Chainsmokers']
"""Bottoms Up"" (CD Single)",Brantley Gilbert,0HZUp8fm9fh1Mitqx4CIOr,Bottoms Up,['Brantley Gilbert']
"""Where Them Girls At"" (CD Single)","David Guetta, Flo Rida, Nicki Minaj",63rbP24OzfaQCJjsHWZXnY,Where Them Girls At (feat. Nicki Minaj & Flo Rida),"['David Guetta', 'Flo Rida', 'Nicki Minaj']"
"""Marco Polo"" (CD Single)",Bow Wow,6PbmwI4M1degwom47uZc4H,Marco Polo (feat. Soulja Boy Tell 'Em),"['Bow Wow', 'Soulja Boy']"
"""Prom Queen"" (CD single)",Lil Wayne,1WGguXX9FkzBHeLb5ISfgg,Prom Queen,"['Lil Wayne', 'Shanell']"
"""Right Round"" (CD single)",Flo Rida,3GpbwCm3YxiWDvy29Uo3vP,Right Round,['Flo Rida']
"""I Get It In"" (CD single)",50 Cent,2GGXna7FXpFGhFfeuCijZ0,I Get It In,['50 Cent']
"""Sugar"" (CD single)",Flo Rida,1oOKvbpHBNvq1GCVHxHequ,Sugar,"['Flo Rida', 'Wynter']"
"""Birthday Sex"" (CD single)",Jeremih,4NpDZPwSXmL0cCTaJuVrCw,Birthday Sex,['Jeremih']
"""Make Her Say"" (CD Single)",Kid Cudi,7dZAPeA3Of5j5Vaef0DQ6M,Make Her Say,"['Kid Cudi', 'Kanye West', 'Common']"
"""3"" (CD single)",Britney Spears,6pymOcrCnMuCWdgGVTvUgP,3,['Britney Spears']
"""Your Love's a Drug"" (CD single)",Leighton Meester,3QXTAcrADGmjVYUrFK0Lr2,Your Love's A Drug,['Leighton Meester']
"""Say Aah"" (CD single)",Trey Songz,2fQ6sBFWaLv2Gxos4igHLy,Say Aah (feat. Fabolous),"['Trey Songz', 'Fabolous']"
"""Your Love Is My Drug"" (CD single)",Ke$ha,2DKE0fl2pO9dkljuupQZb5,Your love is my drug,['Made famous by Ke$ha']
"""Power"" (CD single)",Kanye West,2gZUPNdnz5Y45eiGxpHGSc,POWER,['Kanye West']
"""Take It Off"" (CD single)",Ke$ha,5YT0DNi6fN4rzd0SX90VR8,Take it off,['Made famous by Ke$ha']
"""That's All She Wrote"" (CD single)","Eminem, T.I.",6XAA7T9VHcqKQSzjmXAJ8o,That's All She Wrote,"['T.I.', 'Eminem']"
"""No Hands"" (CD single)",Waka Flocka Flame,03tqyYWC9Um2ZqU0ZN849H,No Hands (feat. Roscoe Dash & Wale),"['Waka Flocka Flame', 'Roscoe Dash', 'Wale']"
"""S&M"" (CD single)",Rihanna,7ySUcLPVX7KudhnmNcgY2D,S&M,['Rihanna']
"""No Sleep"" (CD Single)",Wiz Khalifa,2kzRSiyignH8yzPTrWvyPo,No Sleep,['Wiz Khalifa']
"""She Will"" (CD Single)","Drake, Lil Wayne",5eEj1vkMIqtmvaTk7cS4UC,She Will,"['Lil Wayne', 'Drake']"
"""Stupid Hoe"" (CD Single)",Nicki Minaj,13VDHbpoKlRhtgUaWTE2Ld,Stupid Hoe,['Nicki Minaj']
"""Work Hard, Play Hard"" (CD Single)",Wiz Khalifa,1ms5tNNdPouTtcD2oVF9Oz,"Work Hard, Play Hard",['Wiz Khalifa']
"""My Life"" (CD Single)","50 Cent, Adam Levine, Eminem",2GoOioZVtOF1iMYfnzkreg,My Life,"['50 Cent', 'Eminem', 'Adam Levine']"
"""Crack a Bottle"" (CD single)","50 Cent, Dr. Dre, Eminem",4dK00wCxlqWEeN8BoM1BHT,Crack A Bottle,"['Eminem', 'Dr. Dre', '50 Cent']"
"""3 a.m."" (CD single)",Eminem,7Djpvy4lZJNI8rTOVLf1H7,3 a.m.,['Eminem']
"""Every Girl"" (CD single)",Young Money,6klZDCEsQzMELAPyovvpUw,Every Girl,['Young Money']
"""6 Foot 7 Foot"" (CD single)",Lil Wayne,6BCs8vxnGgKL9eMCOrG2wm,6 Foot 7 Foot,"['Lil Wayne', 'Cory Gunz']"
"""John"" (CD Single)",Lil Wayne,2UgszKS00OHz6oUX9MMA9P,John,"['Lil Wayne', 'Rick Ross']"
"""Rack City"" (CD Single)",Tyga,0srwKuJPH8yBzzFUJMBQM2,Rack City,['Tyga']
